RECORDING_SESSION_LABEL,Session_Name,which_face,image_location_x,image_location_y,condition,response,correct_response,accuracy,TRIAL_INDEX,CURRENT_FIX_INDEX,CURRENT_FIX_X,CURRENT_FIX_Y,CURRENT_FIX_DURATION
1,1,C_M_03.jpg,799,675,bottom,/,/,TRUE,1,1,798,537.4,139
1,1,C_M_03.jpg,799,675,bottom,/,/,TRUE,1,2,777,634.8,155
1,1,C_M_03.jpg,799,675,bottom,/,/,TRUE,1,3,768.6,698.5,927
1,1,C_M_03.jpg,799,675,bottom,/,/,TRUE,1,4,794.3,683.2,364
1,1,C_M_03.jpg,799,675,bottom,/,/,TRUE,1,5,795.9,665.7,401
1,1,C_M_03.jpg,799,675,bottom,/,/,TRUE,1,6,757,674.1,371
1,1,C_M_03.jpg,799,675,bottom,/,/,TRUE,1,7,793.7,653.6,51
1,1,M_F_04.jpg,799,251,top,/,/,TRUE,3,1,797.2,434.4,163
1,1,M_F_04.jpg,799,251,top,/,/,TRUE,3,2,797,266.8,241
1,1,M_F_04.jpg,799,251,top,/,/,TRUE,3,3,766.3,293.9,564
1,1,B_M_03.jpg,799,251,top,z,z,TRUE,4,1,795.6,447.8,205
1,1,B_M_03.jpg,799,251,top,z,z,TRUE,4,2,792.8,252.9,136
1,1,B_M_03.jpg,799,251,top,z,z,TRUE,4,3,796.5,308.1,513
1,1,I_M_04.jpg,799,675,bottom,/,/,TRUE,6,1,797.5,454.8,130
1,1,I_M_04.jpg,799,675,bottom,/,/,TRUE,6,2,789.7,674.6,138
1,1,I_M_04.jpg,799,675,bottom,/,/,TRUE,6,3,777.3,713.8,255
1,1,I_M_04.jpg,799,675,bottom,/,/,TRUE,6,4,759.9,722.9,224
1,1,C_M_03.jpg,799,251,top,/,/,TRUE,7,1,808.7,446.1,160
1,1,C_M_03.jpg,799,251,top,/,/,TRUE,7,2,806.5,291.7,184
1,1,C_M_03.jpg,799,251,top,/,/,TRUE,7,3,774.1,277.3,339
1,1,B_M_03.jpg,799,675,bottom,z,z,TRUE,50,1,797.3,592.3,146
1,1,B_M_03.jpg,799,675,bottom,z,z,TRUE,50,2,789.3,668.3,204
1,1,B_M_03.jpg,799,675,bottom,z,z,TRUE,50,3,780.8,698.8,441
1,1,B_M_03.jpg,799,675,bottom,z,z,TRUE,50,4,830.3,699.6,327
1,1,I_M_04.jpg,799,251,top,/,/,TRUE,61,1,801.1,448,150
1,1,I_M_04.jpg,799,251,top,/,/,TRUE,61,2,805.3,278.4,263
1,1,I_M_04.jpg,799,251,top,/,/,TRUE,61,3,821.5,267,271
1,1,I_M_04.jpg,799,251,top,/,/,TRUE,61,4,782.3,274,440
1,1,M_F_04.jpg,799,675,bottom,/,/,TRUE,91,1,792.4,647.7,188
1,1,M_F_04.jpg,799,675,bottom,/,/,TRUE,91,2,756.1,694,130
1,1,M_F_04.jpg,799,675,bottom,/,/,TRUE,91,3,781.9,693,318
2,2,C_M_03.jpg,799,675,bottom,/,/,TRUE,17,1,784.3,618.3,114
2,2,C_M_03.jpg,799,675,bottom,/,/,TRUE,17,2,798.4,754,446
2,2,C_M_03.jpg,799,251,top,/,/,TRUE,30,1,781.3,407.6,121
2,2,C_M_03.jpg,799,251,top,/,/,TRUE,30,2,791.4,311.8,543
2,2,B_M_03.jpg,799,251,top,z,z,TRUE,35,1,793.4,466,130
2,2,B_M_03.jpg,799,251,top,z,z,TRUE,35,2,786.9,266.3,245
2,2,B_M_03.jpg,799,251,top,z,z,TRUE,35,3,807.2,298.7,170
2,2,I_M_04.jpg,799,675,bottom,/,/,TRUE,51,1,780.4,636.6,123
2,2,I_M_04.jpg,799,675,bottom,/,/,TRUE,51,2,787.6,739.9,554
2,2,B_M_03.jpg,799,675,bottom,z,z,TRUE,52,1,805.7,744.7,535
2,2,I_M_04.jpg,799,251,top,/,/,TRUE,53,1,794.6,419,108
2,2,I_M_04.jpg,799,251,top,/,/,TRUE,53,2,788.1,321.7,432
2,2,M_F_04.jpg,799,675,bottom,/,/,TRUE,72,1,801.1,466.4,122
2,2,M_F_04.jpg,799,675,bottom,/,/,TRUE,72,2,787.2,689.2,123
2,2,M_F_04.jpg,799,675,bottom,/,/,TRUE,72,3,793.1,770.1,386
2,2,M_F_04.jpg,799,675,bottom,/,/,TRUE,72,4,801.4,796.4,123
2,2,M_F_04.jpg,799,251,top,/,/,TRUE,73,1,795.6,400.3,119
2,2,M_F_04.jpg,799,251,top,/,/,TRUE,73,2,800.7,311.1,672
3,3,M_F_04.jpg,799,675,bottom,/,/,TRUE,6,1,782.2,611.1,174
3,3,M_F_04.jpg,799,675,bottom,/,/,TRUE,6,2,788.9,715.7,406
3,3,B_M_03.jpg,799,251,top,z,z,TRUE,7,1,796.7,436.6,115
3,3,B_M_03.jpg,799,251,top,z,z,TRUE,7,2,802.4,321.5,178
3,3,B_M_03.jpg,799,251,top,z,z,TRUE,7,3,815,261.4,336
3,3,C_M_03.jpg,799,675,bottom,/,/,TRUE,20,1,778.7,646.7,162
3,3,C_M_03.jpg,799,675,bottom,/,/,TRUE,20,2,764.1,716.6,402
3,3,C_M_03.jpg,799,675,bottom,/,/,TRUE,20,3,793,718.4,116
3,3,B_M_03.jpg,799,675,bottom,z,z,TRUE,39,1,787.1,659,188
3,3,B_M_03.jpg,799,675,bottom,z,z,TRUE,39,2,771.7,712.1,352
3,3,C_M_03.jpg,799,251,top,/,/,TRUE,43,1,796.6,455.1,123
3,3,C_M_03.jpg,799,251,top,/,/,TRUE,43,2,790.5,348.1,202
3,3,C_M_03.jpg,799,251,top,/,/,TRUE,43,3,760.9,281.1,318
3,3,I_M_04.jpg,799,675,bottom,/,/,TRUE,78,1,805.7,446.3,64
3,3,I_M_04.jpg,799,675,bottom,/,/,TRUE,78,2,779.8,646.3,147
3,3,I_M_04.jpg,799,675,bottom,/,/,TRUE,78,3,769.9,732.9,523
3,3,I_M_04.jpg,799,251,top,/,/,TRUE,85,1,788.3,425.2,123
3,3,I_M_04.jpg,799,251,top,/,/,TRUE,85,2,780.1,316.9,243
3,3,I_M_04.jpg,799,251,top,/,/,TRUE,85,3,765.9,299.8,304
3,3,M_F_04.jpg,799,251,top,/,/,TRUE,93,1,791.1,450.2,131
3,3,M_F_04.jpg,799,251,top,/,/,TRUE,93,2,772.1,311.7,239
3,3,M_F_04.jpg,799,251,top,/,/,TRUE,93,3,760,260.9,375
4,4,B_M_03.jpg,799,675,bottom,z,z,TRUE,7,1,785.5,599.5,129
4,4,B_M_03.jpg,799,675,bottom,z,z,TRUE,7,2,787.3,687.7,545
4,4,I_M_04.jpg,799,675,bottom,/,/,TRUE,27,1,803.1,450.5,201
4,4,I_M_04.jpg,799,675,bottom,/,/,TRUE,27,2,806.8,659.6,116
4,4,I_M_04.jpg,799,675,bottom,/,/,TRUE,27,3,816.9,719.7,226
4,4,C_M_03.jpg,799,251,top,/,/,TRUE,30,1,795.7,450.9,169
4,4,C_M_03.jpg,799,251,top,/,/,TRUE,30,2,815,298.5,350
4,4,I_M_04.jpg,799,251,top,/,/,TRUE,41,1,800.4,451.1,205
4,4,I_M_04.jpg,799,251,top,/,/,TRUE,41,2,813.5,289.5,298
4,4,B_M_03.jpg,799,251,top,z,z,TRUE,52,1,799,453.1,175
4,4,B_M_03.jpg,799,251,top,z,z,TRUE,52,2,810.4,318.1,397
4,4,M_F_04.jpg,799,251,top,/,/,TRUE,70,1,800.9,444.3,243
4,4,M_F_04.jpg,799,251,top,/,/,TRUE,70,2,803.4,285.9,410
4,4,C_M_03.jpg,799,675,bottom,/,/,TRUE,75,1,836.4,652.2,171
4,4,C_M_03.jpg,799,675,bottom,/,/,TRUE,75,2,813.2,704.5,342
4,4,M_F_04.jpg,799,675,bottom,/,/,TRUE,96,1,798.4,450.2,17
4,4,M_F_04.jpg,799,675,bottom,/,/,TRUE,96,2,803.5,601.2,119
4,4,M_F_04.jpg,799,675,bottom,/,/,TRUE,96,3,814.5,666.6,323
5,5,C_M_03.jpg,799,251,top,/,/,TRUE,16,1,815.7,431.8,54
5,5,C_M_03.jpg,799,251,top,/,/,TRUE,16,2,788.1,405.8,83
5,5,C_M_03.jpg,799,251,top,/,/,TRUE,16,3,797.4,323.2,192
5,5,C_M_03.jpg,799,251,top,/,/,TRUE,16,4,810.3,322.9,300
5,5,M_F_04.jpg,799,675,bottom,/,/,TRUE,18,1,808.8,680.5,201
5,5,M_F_04.jpg,799,675,bottom,/,/,TRUE,18,2,797,775.5,413
5,5,M_F_04.jpg,799,251,top,/,/,TRUE,29,1,809.1,431.8,131
5,5,M_F_04.jpg,799,251,top,/,/,TRUE,29,2,786,276.2,363
5,5,B_M_03.jpg,799,251,top,z,z,TRUE,33,1,795.3,424.9,129
5,5,B_M_03.jpg,799,251,top,z,z,TRUE,33,2,812.6,285.9,541
5,5,B_M_03.jpg,799,251,top,z,z,TRUE,33,3,857.3,292.3,42
5,5,C_M_03.jpg,799,675,bottom,/,/,TRUE,38,1,810.9,620.7,180
5,5,C_M_03.jpg,799,675,bottom,/,/,TRUE,38,2,789.6,747.4,427
5,5,B_M_03.jpg,799,675,bottom,z,z,TRUE,69,1,798.5,441.3,115
5,5,B_M_03.jpg,799,675,bottom,z,z,TRUE,69,2,783.8,682.5,29
5,5,B_M_03.jpg,799,675,bottom,z,z,TRUE,69,3,780.3,699.6,161
5,5,B_M_03.jpg,799,675,bottom,z,z,TRUE,69,4,777.6,697,61
5,5,B_M_03.jpg,799,675,bottom,z,z,TRUE,69,5,832.2,670.8,68
5,5,I_M_04.jpg,799,251,top,/,/,TRUE,89,1,770,426.5,54
5,5,I_M_04.jpg,799,251,top,/,/,TRUE,89,2,798.5,419.6,75
5,5,I_M_04.jpg,799,251,top,/,/,TRUE,89,3,783.4,298.5,385
5,5,I_M_04.jpg,799,675,bottom,/,/,TRUE,91,1,796.2,552.9,170
5,5,I_M_04.jpg,799,675,bottom,/,/,TRUE,91,2,770.4,648.3,584
5,5,I_M_04.jpg,799,675,bottom,/,/,TRUE,91,3,799.5,593.3,144
6,6,M_F_04.jpg,799,251,top,/,/,TRUE,6,1,803.8,437.2,202
6,6,M_F_04.jpg,799,251,top,/,/,TRUE,6,2,792.2,267.3,197
6,6,M_F_04.jpg,799,251,top,/,/,TRUE,6,3,771.6,266.6,456
6,6,C_M_03.jpg,799,251,top,/,/,TRUE,18,1,785.3,430.9,163
6,6,C_M_03.jpg,799,251,top,/,/,TRUE,18,2,773.4,285.1,241
6,6,C_M_03.jpg,799,251,top,/,/,TRUE,18,3,729,301.9,38
6,6,C_M_03.jpg,799,251,top,/,/,TRUE,18,4,710.9,271.8,483
6,6,B_M_03.jpg,799,675,bottom,z,z,TRUE,29,1,801.7,741,488
6,6,I_M_04.jpg,799,675,bottom,/,/,TRUE,66,1,791.8,457.8,173
6,6,I_M_04.jpg,799,675,bottom,/,/,TRUE,66,2,792.4,685.6,294
6,6,I_M_04.jpg,799,675,bottom,/,/,TRUE,66,3,783.6,731,88
6,6,M_F_04.jpg,799,675,bottom,/,/,TRUE,67,1,795.5,447.4,128
6,6,M_F_04.jpg,799,675,bottom,/,/,TRUE,67,2,786.2,639.9,157
6,6,M_F_04.jpg,799,675,bottom,/,/,TRUE,67,3,782.4,699.6,284
6,6,M_F_04.jpg,799,675,bottom,/,/,TRUE,67,4,801.3,688.9,81
6,6,I_M_04.jpg,799,251,top,/,/,TRUE,71,1,801,445.4,185
6,6,I_M_04.jpg,799,251,top,/,/,TRUE,71,2,794.2,283.9,173
6,6,I_M_04.jpg,799,251,top,/,/,TRUE,71,3,773.6,260.8,313
6,6,C_M_03.jpg,799,675,bottom,/,/,TRUE,76,1,793.8,738,572
6,6,B_M_03.jpg,799,251,top,z,z,TRUE,84,1,805,433.1,174
6,6,B_M_03.jpg,799,251,top,z,z,TRUE,84,2,804.3,292.8,155
6,6,B_M_03.jpg,799,251,top,z,z,TRUE,84,3,794.3,263.7,241
7,7,B_M_03.jpg,799,251,top,z,z,TRUE,4,1,801.8,442.6,153
7,7,B_M_03.jpg,799,251,top,z,z,TRUE,4,2,809.4,274.9,256
7,7,B_M_03.jpg,799,251,top,z,z,TRUE,4,3,799.3,285.3,243
7,7,I_M_04.jpg,799,675,bottom,/,/,TRUE,21,1,841.5,612.5,210
7,7,I_M_04.jpg,799,675,bottom,/,/,TRUE,21,2,827.3,660.7,43
7,7,I_M_04.jpg,799,675,bottom,/,/,TRUE,21,3,829.8,658.5,100
7,7,I_M_04.jpg,799,251,top,/,/,TRUE,22,1,799.6,417,157
7,7,I_M_04.jpg,799,251,top,/,/,TRUE,22,2,793.8,323.1,41
7,7,I_M_04.jpg,799,251,top,/,/,TRUE,22,3,793.2,285.8,134
7,7,M_F_04.jpg,799,675,bottom,/,/,TRUE,38,1,771.4,574,50
7,7,M_F_04.jpg,799,675,bottom,/,/,TRUE,38,2,769,698.1,263
7,7,M_F_04.jpg,799,675,bottom,/,/,TRUE,38,3,756.4,693.6,250
7,7,M_F_04.jpg,799,251,top,/,/,TRUE,61,1,782.8,436.4,91
7,7,M_F_04.jpg,799,251,top,/,/,TRUE,61,2,767.5,251,47
7,7,B_M_03.jpg,799,675,bottom,z,z,TRUE,67,1,795.1,446.4,139
7,7,B_M_03.jpg,799,675,bottom,z,z,TRUE,67,2,813,669.2,293
7,7,C_M_03.jpg,799,675,bottom,/,/,TRUE,72,1,781,450.6,161
7,7,C_M_03.jpg,799,675,bottom,/,/,TRUE,72,2,789.4,725.4,203
7,7,C_M_03.jpg,799,675,bottom,/,/,TRUE,72,3,764.4,705,233
7,7,C_M_03.jpg,799,251,top,/,/,TRUE,92,1,788.7,466.8,146
7,7,C_M_03.jpg,799,251,top,/,/,TRUE,92,2,772.5,298,431
7,7,C_M_03.jpg,799,251,top,/,/,TRUE,92,3,764.6,300.4,534
8,8,B_M_03.jpg,799,675,bottom,z,z,TRUE,1,1,846,661.4,158
8,8,B_M_03.jpg,799,675,bottom,z,z,TRUE,1,2,841.8,709.3,436
8,8,I_M_04.jpg,799,251,top,/,/,TRUE,23,1,808.1,437.7,127
8,8,I_M_04.jpg,799,251,top,/,/,TRUE,23,2,806.5,301,503
8,8,C_M_03.jpg,799,675,bottom,/,/,TRUE,37,1,796.8,457.5,146
8,8,C_M_03.jpg,799,675,bottom,/,/,TRUE,37,2,777.5,647.7,107
8,8,C_M_03.jpg,799,675,bottom,/,/,TRUE,37,3,789.4,722.3,621
8,8,C_M_03.jpg,799,675,bottom,/,/,TRUE,37,4,778.9,527.2,14
8,8,I_M_04.jpg,799,675,bottom,/,/,TRUE,57,1,811.6,442,59
8,8,I_M_04.jpg,799,675,bottom,/,/,TRUE,57,2,797.3,636.1,103
8,8,I_M_04.jpg,799,675,bottom,/,/,TRUE,57,3,811.8,706.4,454
8,8,I_M_04.jpg,799,675,bottom,/,/,TRUE,57,4,909,724.2,19
8,8,B_M_03.jpg,799,251,top,z,z,TRUE,59,1,783.7,463.4,130
8,8,B_M_03.jpg,799,251,top,z,z,TRUE,59,2,792.9,320.7,673
8,8,M_F_04.jpg,799,675,bottom,/,/,TRUE,80,1,778.5,635.9,148
8,8,M_F_04.jpg,799,675,bottom,/,/,TRUE,80,2,793.1,707,426
8,8,M_F_04.jpg,799,251,top,/,/,TRUE,85,1,800.3,479,145
8,8,M_F_04.jpg,799,251,top,/,/,TRUE,85,2,782.4,341.2,261
8,8,M_F_04.jpg,799,251,top,/,/,TRUE,85,3,784.8,310.8,453
8,8,C_M_03.jpg,799,251,top,/,/,TRUE,88,1,795.2,447.6,179
8,8,C_M_03.jpg,799,251,top,/,/,TRUE,88,2,767.7,358.2,55
8,8,C_M_03.jpg,799,251,top,/,/,TRUE,88,3,776.4,284,721
9,9,C_M_03.jpg,799,251,top,/,/,TRUE,15,1,797.4,424.4,131
9,9,C_M_03.jpg,799,251,top,/,/,TRUE,15,2,773.3,285.3,652
9,9,C_M_03.jpg,799,675,bottom,/,/,TRUE,16,1,841.3,444,126
9,9,C_M_03.jpg,799,675,bottom,/,/,TRUE,16,2,830.1,753.3,219
9,9,C_M_03.jpg,799,675,bottom,/,/,TRUE,16,3,801.2,735.1,244
9,9,M_F_04.jpg,799,675,bottom,/,/,TRUE,23,1,812.6,645.4,158
9,9,M_F_04.jpg,799,675,bottom,/,/,TRUE,23,2,806.6,706.2,413
9,9,M_F_04.jpg,799,251,top,/,/,TRUE,48,1,795.3,410.3,110
9,9,M_F_04.jpg,799,251,top,/,/,TRUE,48,2,783.7,249,472
9,9,I_M_04.jpg,799,675,bottom,/,/,TRUE,62,1,822.5,729.8,617
9,9,I_M_04.jpg,799,251,top,/,/,TRUE,68,1,795.1,471,105
9,9,I_M_04.jpg,799,251,top,/,/,TRUE,68,2,801.4,271.3,595
9,9,B_M_03.jpg,799,675,bottom,z,z,TRUE,76,1,791.1,645.3,256
9,9,B_M_03.jpg,799,675,bottom,z,z,TRUE,76,2,812,693.6,56
9,9,B_M_03.jpg,799,251,top,z,z,TRUE,79,1,792.7,453.1,127
9,9,B_M_03.jpg,799,251,top,z,z,TRUE,79,2,773.5,321.2,80
9,9,B_M_03.jpg,799,251,top,z,z,TRUE,79,3,777,285.1,198
10,10,C_M_03.jpg,799,251,top,/,/,TRUE,6,1,791.3,441.6,160
10,10,C_M_03.jpg,799,251,top,/,/,TRUE,6,2,800.6,310,199
10,10,C_M_03.jpg,799,251,top,/,/,TRUE,6,3,815.3,270.6,586
10,10,C_M_03.jpg,799,251,top,/,/,TRUE,6,4,829.9,270.4,167
10,10,I_M_04.jpg,799,251,top,/,/,TRUE,14,1,792.9,459.2,153
10,10,I_M_04.jpg,799,251,top,/,/,TRUE,14,2,801.7,314,197
10,10,I_M_04.jpg,799,251,top,/,/,TRUE,14,3,837.3,356.1,298
10,10,C_M_03.jpg,799,675,bottom,/,/,TRUE,25,1,831.1,700.8,258
10,10,C_M_03.jpg,799,675,bottom,/,/,TRUE,25,2,832.5,709.5,279
10,10,C_M_03.jpg,799,675,bottom,/,/,TRUE,25,3,874.3,710.2,31
10,10,C_M_03.jpg,799,675,bottom,/,/,TRUE,25,4,860.8,673.1,83
10,10,M_F_04.jpg,799,675,bottom,/,/,TRUE,31,1,792.8,596.2,183
10,10,M_F_04.jpg,799,675,bottom,/,/,TRUE,31,2,816.1,710.9,242
10,10,M_F_04.jpg,799,675,bottom,/,/,TRUE,31,3,842,524,168
10,10,B_M_03.jpg,799,675,bottom,z,z,TRUE,35,1,802.9,459,211
10,10,B_M_03.jpg,799,675,bottom,z,z,TRUE,35,2,813.8,680.2,171
10,10,B_M_03.jpg,799,675,bottom,z,z,TRUE,35,3,875.4,706.7,415
10,10,M_F_04.jpg,799,251,top,/,/,TRUE,38,1,793,437.3,173
10,10,M_F_04.jpg,799,251,top,/,/,TRUE,38,2,793.7,319.9,146
10,10,M_F_04.jpg,799,251,top,/,/,TRUE,38,3,806.2,235.7,237
10,10,M_F_04.jpg,799,251,top,/,/,TRUE,38,4,842.9,249.7,213
10,10,I_M_04.jpg,799,675,bottom,/,/,TRUE,77,1,800.2,445.5,148
10,10,I_M_04.jpg,799,675,bottom,/,/,TRUE,77,2,842.5,645.6,317
10,10,I_M_04.jpg,799,675,bottom,/,/,TRUE,77,3,817.7,685.9,216
10,10,I_M_04.jpg,799,675,bottom,/,/,TRUE,77,4,855.9,691.3,46
10,10,B_M_03.jpg,799,251,top,z,z,TRUE,90,1,788.9,450.9,152
10,10,B_M_03.jpg,799,251,top,z,z,TRUE,90,2,805.7,317.8,216
10,10,B_M_03.jpg,799,251,top,z,z,TRUE,90,3,836.9,268,249
11,11,M_F_04.jpg,799,251,top,/,/,TRUE,5,1,792,433.2,158
11,11,M_F_04.jpg,799,251,top,/,/,TRUE,5,2,785.3,274.7,558
11,11,C_M_03.jpg,799,675,bottom,/,/,TRUE,26,1,790.5,449.6,141
11,11,C_M_03.jpg,799,675,bottom,/,/,TRUE,26,2,793.4,721.5,311
11,11,C_M_03.jpg,799,675,bottom,/,/,TRUE,26,3,786.6,757.9,540
11,11,C_M_03.jpg,799,675,bottom,/,/,TRUE,26,4,757.4,787.7,551
11,11,C_M_03.jpg,799,675,bottom,/,/,TRUE,26,5,802.7,790.9,91
11,11,I_M_04.jpg,799,251,top,/,/,TRUE,39,1,788.3,435.3,166
11,11,I_M_04.jpg,799,251,top,/,/,TRUE,39,2,798.7,248.6,312
11,11,I_M_04.jpg,799,251,top,/,/,TRUE,39,3,805.7,240.4,499
11,11,I_M_04.jpg,799,251,top,/,/,TRUE,39,4,809.4,273.7,679
11,11,B_M_03.jpg,799,251,top,z,z,TRUE,40,1,793.7,408.3,166
11,11,B_M_03.jpg,799,251,top,z,z,TRUE,40,2,769.9,302.7,243
11,11,B_M_03.jpg,799,251,top,z,z,TRUE,40,3,787.8,286.6,413
11,11,B_M_03.jpg,799,251,top,z,z,TRUE,40,4,783.2,291.9,265
11,11,I_M_04.jpg,799,675,bottom,/,/,TRUE,46,1,796.4,713.9,300
11,11,I_M_04.jpg,799,675,bottom,/,/,TRUE,46,2,827.9,777.5,490
11,11,I_M_04.jpg,799,675,bottom,/,/,TRUE,46,3,885.3,637,4
11,11,C_M_03.jpg,799,251,top,/,/,TRUE,47,1,815.5,469.2,178
11,11,C_M_03.jpg,799,251,top,/,/,TRUE,47,2,803.7,296.1,227
11,11,C_M_03.jpg,799,251,top,/,/,TRUE,47,3,808.1,286.1,449
11,11,C_M_03.jpg,799,251,top,/,/,TRUE,47,4,787.3,294.1,188
11,11,C_M_03.jpg,799,251,top,/,/,TRUE,47,5,816.2,287.7,594
11,11,B_M_03.jpg,799,675,bottom,z,z,TRUE,80,1,785.2,613.5,306
11,11,B_M_03.jpg,799,675,bottom,z,z,TRUE,80,2,813.3,738.7,573
11,11,B_M_03.jpg,799,675,bottom,z,z,TRUE,80,3,823.5,734.7,138
11,11,M_F_04.jpg,799,675,bottom,/,/,TRUE,92,1,778.1,440.8,47
11,11,M_F_04.jpg,799,675,bottom,/,/,TRUE,92,2,794.3,662.6,286
11,11,M_F_04.jpg,799,675,bottom,/,/,TRUE,92,3,812.6,755.5,197
12,12,B_M_03.jpg,799,251,top,z,z,TRUE,8,1,781.3,424.6,119
12,12,B_M_03.jpg,799,251,top,z,z,TRUE,8,2,792.7,275.4,348
12,12,M_F_04.jpg,799,675,bottom,/,/,TRUE,17,1,798.1,698,153
12,12,M_F_04.jpg,799,675,bottom,/,/,TRUE,17,2,797,680.2,515
12,12,C_M_03.jpg,799,251,top,/,/,TRUE,28,1,789.4,433.6,124
12,12,C_M_03.jpg,799,251,top,/,/,TRUE,28,2,773.4,248,286
12,12,C_M_03.jpg,799,251,top,/,/,TRUE,28,3,749.9,271.6,147
12,12,I_M_04.jpg,799,675,bottom,/,/,TRUE,48,1,794.8,643.3,197
12,12,I_M_04.jpg,799,675,bottom,/,/,TRUE,48,2,804.9,722.1,382
12,12,I_M_04.jpg,799,251,top,/,/,TRUE,57,1,798.3,429.7,117
12,12,I_M_04.jpg,799,251,top,/,/,TRUE,57,2,791.1,227,253
12,12,I_M_04.jpg,799,251,top,/,/,TRUE,57,3,785,256.9,184
12,12,C_M_03.jpg,799,675,bottom,/,/,TRUE,60,1,793.8,649.9,238
12,12,C_M_03.jpg,799,675,bottom,/,/,TRUE,60,2,805.4,724.8,330
12,12,M_F_04.jpg,799,251,top,/,/,TRUE,65,1,796.7,432.8,118
12,12,M_F_04.jpg,799,251,top,/,/,TRUE,65,2,789.5,268.1,186
12,12,M_F_04.jpg,799,251,top,/,/,TRUE,65,3,771.2,259.4,219
12,12,B_M_03.jpg,799,675,bottom,z,z,TRUE,81,1,791.6,622.7,180
12,12,B_M_03.jpg,799,675,bottom,z,z,TRUE,81,2,814.7,730.4,296
13,13,C_M_03.jpg,799,675,bottom,/,/,TRUE,6,1,786.6,642.4,26
13,13,C_M_03.jpg,799,675,bottom,/,/,TRUE,6,2,794.3,756,257
13,13,C_M_03.jpg,799,675,bottom,/,/,TRUE,6,3,760.8,759.3,444
13,13,C_M_03.jpg,799,675,bottom,/,/,TRUE,6,4,761.9,642.1,25
13,13,C_M_03.jpg,799,251,top,/,/,TRUE,12,1,808.4,424.6,152
13,13,C_M_03.jpg,799,251,top,/,/,TRUE,12,2,814.5,237,55
13,13,C_M_03.jpg,799,251,top,/,/,TRUE,12,3,802.9,282.9,97
13,13,C_M_03.jpg,799,251,top,/,/,TRUE,12,4,791.2,255.4,179
13,13,C_M_03.jpg,799,251,top,/,/,TRUE,12,5,793.6,158.7,161
13,13,B_M_03.jpg,799,675,bottom,z,z,TRUE,21,1,782.7,438.2,187
13,13,B_M_03.jpg,799,675,bottom,z,z,TRUE,21,2,772.1,652.2,90
13,13,B_M_03.jpg,799,675,bottom,z,z,TRUE,21,3,771.8,760,375
13,13,I_M_04.jpg,799,675,bottom,/,/,TRUE,29,1,791.6,625.2,138
13,13,I_M_04.jpg,799,675,bottom,/,/,TRUE,29,2,778.9,774.4,793
13,13,M_F_04.jpg,799,675,bottom,/,/,TRUE,39,1,794.3,461.6,199
13,13,M_F_04.jpg,799,675,bottom,/,/,TRUE,39,2,755.2,719.4,199
13,13,M_F_04.jpg,799,675,bottom,/,/,TRUE,39,3,781.8,771,247
13,13,B_M_03.jpg,799,251,top,z,z,TRUE,50,1,798.3,411.3,38
13,13,B_M_03.jpg,799,251,top,z,z,TRUE,50,2,808.4,398.4,75
13,13,B_M_03.jpg,799,251,top,z,z,TRUE,50,3,811.8,393.9,27
13,13,B_M_03.jpg,799,251,top,z,z,TRUE,50,4,805.9,235,59
13,13,B_M_03.jpg,799,251,top,z,z,TRUE,50,5,772.2,362.4,272
13,13,I_M_04.jpg,799,251,top,/,/,TRUE,74,1,793.2,472.1,191
13,13,I_M_04.jpg,799,251,top,/,/,TRUE,74,2,802.3,314.3,92
13,13,I_M_04.jpg,799,251,top,/,/,TRUE,74,3,760.1,357.1,158
13,13,I_M_04.jpg,799,251,top,/,/,TRUE,74,4,775.4,322.7,761
13,13,M_F_04.jpg,799,251,top,/,/,TRUE,81,1,806.6,432.5,172
13,13,M_F_04.jpg,799,251,top,/,/,TRUE,81,2,808.9,269.3,397
13,13,M_F_04.jpg,799,251,top,/,/,TRUE,81,3,848.1,298.8,275
13,13,M_F_04.jpg,799,251,top,/,/,TRUE,81,4,793.8,284.5,365
13,13,M_F_04.jpg,799,251,top,/,/,TRUE,81,5,836.9,284.2,115
14,14,B_M_03.jpg,799,251,top,z,z,TRUE,12,1,796.7,428.8,134
14,14,B_M_03.jpg,799,251,top,z,z,TRUE,12,2,805.1,284,274
14,14,B_M_03.jpg,799,251,top,z,z,TRUE,12,3,798,346.8,167
14,14,B_M_03.jpg,799,675,bottom,z,z,TRUE,28,1,788.4,440.4,29
14,14,B_M_03.jpg,799,675,bottom,z,z,TRUE,28,2,777.3,803.8,495
14,14,C_M_03.jpg,799,675,bottom,/,/,TRUE,30,1,771.2,775.2,759
14,14,M_F_04.jpg,799,251,top,/,/,TRUE,36,1,787.2,382.9,148
14,14,M_F_04.jpg,799,251,top,/,/,TRUE,36,2,791.7,299.1,387
14,14,I_M_04.jpg,799,675,bottom,/,/,TRUE,41,1,834.8,466.4,128
14,14,I_M_04.jpg,799,675,bottom,/,/,TRUE,41,2,827.2,724.7,210
14,14,I_M_04.jpg,799,675,bottom,/,/,TRUE,41,3,813,762.2,353
14,14,C_M_03.jpg,799,251,top,/,/,TRUE,59,1,826.8,407.7,142
14,14,C_M_03.jpg,799,251,top,/,/,TRUE,59,2,821.6,340.9,448
14,14,M_F_04.jpg,799,675,bottom,/,/,TRUE,78,1,783.8,813.8,600
14,14,I_M_04.jpg,799,251,top,/,/,TRUE,86,1,789.6,431.1,152
14,14,I_M_04.jpg,799,251,top,/,/,TRUE,86,2,772.4,295.1,484
15,15,I_M_04.jpg,799,675,bottom,/,/,TRUE,10,1,781.6,750,568
15,15,B_M_03.jpg,799,675,bottom,z,z,TRUE,17,1,786.2,696.7,109
15,15,B_M_03.jpg,799,675,bottom,z,z,TRUE,17,2,789.4,788.4,281
15,15,C_M_03.jpg,799,251,top,/,/,TRUE,21,1,776.2,319.5,187
15,15,C_M_03.jpg,799,251,top,/,/,TRUE,21,2,815.4,229,438
15,15,B_M_03.jpg,799,251,top,z,z,TRUE,29,1,796.5,466.1,140
15,15,B_M_03.jpg,799,251,top,z,z,TRUE,29,2,821.7,237.6,361
15,15,I_M_04.jpg,799,251,top,/,/,TRUE,42,1,783.5,442.1,61
15,15,I_M_04.jpg,799,251,top,/,/,TRUE,42,2,772.8,564.2,113
15,15,I_M_04.jpg,799,251,top,/,/,TRUE,42,3,776.9,228.2,478
15,15,M_F_04.jpg,799,251,top,/,/,TRUE,68,1,787.5,442.3,226
15,15,M_F_04.jpg,799,251,top,/,/,TRUE,68,2,786.5,245.2,313
15,15,M_F_04.jpg,799,251,top,/,/,TRUE,68,3,800,234.8,313
15,15,C_M_03.jpg,799,675,bottom,/,/,TRUE,69,1,779.5,477.5,89
15,15,C_M_03.jpg,799,675,bottom,/,/,TRUE,69,2,789,594.8,87
15,15,C_M_03.jpg,799,675,bottom,/,/,TRUE,69,3,778.3,675.9,225
15,15,C_M_03.jpg,799,675,bottom,/,/,TRUE,69,4,778.8,724.6,190
15,15,M_F_04.jpg,799,675,bottom,/,/,TRUE,91,1,789.6,431.9,54
15,15,M_F_04.jpg,799,675,bottom,/,/,TRUE,91,2,840.8,656.9,141
15,15,M_F_04.jpg,799,675,bottom,/,/,TRUE,91,3,786.7,732.8,581
15,15,M_F_04.jpg,799,675,bottom,/,/,TRUE,91,4,814.9,716.1,69
16,16,M_F_04.jpg,799,251,top,/,/,TRUE,6,1,808.8,417.3,186
16,16,M_F_04.jpg,799,251,top,/,/,TRUE,6,2,803.9,300,552
16,16,I_M_04.jpg,799,675,bottom,/,/,TRUE,23,1,800,674,447
16,16,I_M_04.jpg,799,675,bottom,/,/,TRUE,23,2,851,697.2,907
16,16,I_M_04.jpg,799,251,top,/,/,TRUE,25,1,800.4,426.1,148
16,16,I_M_04.jpg,799,251,top,/,/,TRUE,25,2,785.9,278.2,415
16,16,I_M_04.jpg,799,251,top,/,/,TRUE,25,3,836.3,287.7,140
16,16,B_M_03.jpg,799,675,bottom,z,z,TRUE,56,1,814.5,565.8,158
16,16,B_M_03.jpg,799,675,bottom,z,z,TRUE,56,2,803.5,697.7,761
16,16,B_M_03.jpg,799,675,bottom,z,z,TRUE,56,3,858.9,684.4,281
16,16,B_M_03.jpg,799,251,top,z,z,TRUE,61,1,801.8,453.6,160
16,16,B_M_03.jpg,799,251,top,z,z,TRUE,61,2,784.4,267.7,384
16,16,B_M_03.jpg,799,251,top,z,z,TRUE,61,3,843.5,293.8,115
16,16,C_M_03.jpg,799,675,bottom,/,/,TRUE,74,1,795.8,699.6,549
16,16,C_M_03.jpg,799,675,bottom,/,/,TRUE,74,2,826.7,722.3,184
16,16,C_M_03.jpg,799,251,top,/,/,TRUE,76,1,815.1,450.7,163
16,16,C_M_03.jpg,799,251,top,/,/,TRUE,76,2,799.2,314.9,588
16,16,M_F_04.jpg,799,675,bottom,/,/,TRUE,93,1,796,749.9,686
17,17,B_M_03.jpg,799,675,bottom,z,z,TRUE,18,1,799.9,447.4,186
17,17,B_M_03.jpg,799,675,bottom,z,z,TRUE,18,2,811.2,668.4,263
17,17,B_M_03.jpg,799,675,bottom,z,z,TRUE,18,3,800.9,714.4,100
17,17,M_F_04.jpg,799,675,bottom,/,/,TRUE,32,1,778.1,453.8,193
17,17,M_F_04.jpg,799,675,bottom,/,/,TRUE,32,2,786.5,715.4,367
17,17,M_F_04.jpg,799,675,bottom,/,/,TRUE,32,3,760.7,732.3,270
17,17,C_M_03.jpg,799,251,top,/,/,TRUE,59,1,806.7,421.2,148
17,17,C_M_03.jpg,799,251,top,/,/,TRUE,59,2,795.8,264.1,326
17,17,C_M_03.jpg,799,251,top,/,/,TRUE,59,3,769,246.7,154
17,17,I_M_04.jpg,799,675,bottom,/,/,TRUE,62,1,824.8,673.3,309
17,17,I_M_04.jpg,799,675,bottom,/,/,TRUE,62,2,787.1,681.2,450
17,17,C_M_03.jpg,799,675,bottom,/,/,TRUE,67,1,830.8,681.7,239
17,17,C_M_03.jpg,799,675,bottom,/,/,TRUE,67,2,805.2,733.9,325
17,17,C_M_03.jpg,799,675,bottom,/,/,TRUE,67,3,863.1,716.6,259
17,17,I_M_04.jpg,799,251,top,/,/,TRUE,70,1,806.6,429.4,161
17,17,I_M_04.jpg,799,251,top,/,/,TRUE,70,2,802.4,284.7,370
17,17,M_F_04.jpg,799,251,top,/,/,TRUE,87,1,827.3,475.8,186
17,17,M_F_04.jpg,799,251,top,/,/,TRUE,87,2,809.5,333.7,339
17,17,B_M_03.jpg,799,251,top,z,z,TRUE,94,1,767.9,441.9,193
17,17,B_M_03.jpg,799,251,top,z,z,TRUE,94,2,771,258.5,438
18,18,M_F_04.jpg,799,251,top,/,/,TRUE,23,1,785.9,409.9,103
18,18,M_F_04.jpg,799,251,top,/,/,TRUE,23,2,773,192.6,380
18,18,M_F_04.jpg,799,251,top,/,/,TRUE,23,3,760.4,176.5,153
18,18,I_M_04.jpg,799,251,top,/,/,TRUE,38,1,806.2,435,137
18,18,I_M_04.jpg,799,251,top,/,/,TRUE,38,2,801.9,248.5,320
18,18,I_M_04.jpg,799,251,top,/,/,TRUE,38,3,808.2,217.8,174
18,18,I_M_04.jpg,799,675,bottom,/,/,TRUE,40,1,773.4,598.8,134
18,18,I_M_04.jpg,799,675,bottom,/,/,TRUE,40,2,797.5,710.8,345
18,18,C_M_03.jpg,799,675,bottom,/,/,TRUE,45,1,804.4,643.8,189
18,18,C_M_03.jpg,799,675,bottom,/,/,TRUE,45,2,811.7,725.1,299
18,18,B_M_03.jpg,799,675,bottom,z,z,TRUE,46,1,825.1,636.5,133
18,18,B_M_03.jpg,799,675,bottom,z,z,TRUE,46,2,847.1,753.4,401
18,18,M_F_04.jpg,799,675,bottom,/,/,TRUE,58,1,797.3,578.9,118
18,18,M_F_04.jpg,799,675,bottom,/,/,TRUE,58,2,806.6,694.1,346
18,18,M_F_04.jpg,799,675,bottom,/,/,TRUE,58,3,809.2,745.1,117
18,18,C_M_03.jpg,799,251,top,/,/,TRUE,85,1,793,440,133
18,18,C_M_03.jpg,799,251,top,/,/,TRUE,85,2,770.7,167.2,239
18,18,C_M_03.jpg,799,251,top,/,/,TRUE,85,3,801.5,133.1,175
18,18,B_M_03.jpg,799,251,top,z,z,TRUE,91,1,758.5,393.8,137
18,18,B_M_03.jpg,799,251,top,z,z,TRUE,91,2,756.6,175.7,238
18,18,B_M_03.jpg,799,251,top,z,z,TRUE,91,3,827,172.6,100
19,19,C_M_03.jpg,799,675,bottom,/,/,TRUE,19,1,805.8,612.5,121
19,19,C_M_03.jpg,799,675,bottom,/,/,TRUE,19,2,806.5,716.4,171
19,19,C_M_03.jpg,799,675,bottom,/,/,TRUE,19,3,828.2,736.6,481
19,19,C_M_03.jpg,799,675,bottom,/,/,TRUE,19,4,794.9,727.5,117
19,19,B_M_03.jpg,799,251,top,z,z,TRUE,24,1,799.4,445.8,125
19,19,B_M_03.jpg,799,251,top,z,z,TRUE,24,2,833.6,233.5,165
19,19,B_M_03.jpg,799,251,top,z,z,TRUE,24,3,845.3,308.1,438
19,19,B_M_03.jpg,799,675,bottom,z,z,TRUE,45,1,773.9,605.2,138
19,19,B_M_03.jpg,799,675,bottom,z,z,TRUE,45,2,800.5,746.2,169
19,19,B_M_03.jpg,799,675,bottom,z,z,TRUE,45,3,826.1,779,259
19,19,I_M_04.jpg,799,251,top,/,/,TRUE,53,1,806,426.7,137
19,19,I_M_04.jpg,799,251,top,/,/,TRUE,53,2,809.6,256.8,161
19,19,I_M_04.jpg,799,251,top,/,/,TRUE,53,3,816.2,279.3,489
19,19,M_F_04.jpg,799,251,top,/,/,TRUE,54,1,791.7,404.6,131
19,19,M_F_04.jpg,799,251,top,/,/,TRUE,54,2,805.1,226.3,176
19,19,M_F_04.jpg,799,251,top,/,/,TRUE,54,3,831.4,271.2,409
19,19,C_M_03.jpg,799,251,top,/,/,TRUE,68,1,797.3,449.7,139
19,19,C_M_03.jpg,799,251,top,/,/,TRUE,68,2,798,265.9,169
19,19,C_M_03.jpg,799,251,top,/,/,TRUE,68,3,818.1,312.7,391
19,19,C_M_03.jpg,799,251,top,/,/,TRUE,68,4,794.2,315.6,30
19,19,M_F_04.jpg,799,675,bottom,/,/,TRUE,83,1,807.4,385.8,146
19,19,M_F_04.jpg,799,675,bottom,/,/,TRUE,83,2,802.6,702.8,158
19,19,M_F_04.jpg,799,675,bottom,/,/,TRUE,83,3,823.8,702.3,520
19,19,M_F_04.jpg,799,675,bottom,/,/,TRUE,83,4,796.9,693.4,263
19,19,M_F_04.jpg,799,675,bottom,/,/,TRUE,83,5,820.1,692.6,72
19,19,I_M_04.jpg,799,675,bottom,/,/,TRUE,85,1,806.3,653,163
19,19,I_M_04.jpg,799,675,bottom,/,/,TRUE,85,2,856.6,734.2,466
20,20,C_M_03.jpg,799,251,top,/,/,TRUE,9,1,811.4,415,133
20,20,C_M_03.jpg,799,251,top,/,/,TRUE,9,2,792.5,266.6,255
20,20,C_M_03.jpg,799,251,top,/,/,TRUE,9,3,775,259.1,125
20,20,I_M_04.jpg,799,251,top,/,/,TRUE,29,1,792.3,431.9,173
20,20,I_M_04.jpg,799,251,top,/,/,TRUE,29,2,795.5,277.4,481
20,20,M_F_04.jpg,799,675,bottom,/,/,TRUE,51,1,776.4,625.6,119
20,20,M_F_04.jpg,799,675,bottom,/,/,TRUE,51,2,767.8,723.9,473
20,20,M_F_04.jpg,799,675,bottom,/,/,TRUE,51,3,739.1,728.1,225
20,20,B_M_03.jpg,799,675,bottom,z,z,TRUE,53,1,805.5,435.6,25
20,20,B_M_03.jpg,799,675,bottom,z,z,TRUE,53,2,804.4,687,373
20,20,B_M_03.jpg,799,675,bottom,z,z,TRUE,53,3,839.5,713.5,351
20,20,M_F_04.jpg,799,251,top,/,/,TRUE,59,1,801.1,389.2,189
20,20,M_F_04.jpg,799,251,top,/,/,TRUE,59,2,777,277.8,401
20,20,C_M_03.jpg,799,675,bottom,z,/,FALSE,72,1,796,579.3,193
20,20,C_M_03.jpg,799,675,bottom,z,/,FALSE,72,2,798.8,735.3,243
20,20,C_M_03.jpg,799,675,bottom,z,/,FALSE,72,3,796.3,692.5,379
20,20,I_M_04.jpg,799,675,bottom,/,/,TRUE,73,1,815.2,642.6,178
20,20,I_M_04.jpg,799,675,bottom,/,/,TRUE,73,2,807.7,707.9,384
20,20,B_M_03.jpg,799,251,top,z,z,TRUE,86,1,784.7,447.8,183
20,20,B_M_03.jpg,799,251,top,z,z,TRUE,86,2,791.6,301.1,294
20,20,B_M_03.jpg,799,251,top,z,z,TRUE,86,3,831.2,279.6,598
21,21,B_M_03.jpg,799,675,bottom,z,z,TRUE,1,1,806.6,469.4,137
21,21,B_M_03.jpg,799,675,bottom,z,z,TRUE,1,2,832.7,708.7,77
21,21,B_M_03.jpg,799,675,bottom,z,z,TRUE,1,3,858.8,812,460
21,21,B_M_03.jpg,799,675,bottom,z,z,TRUE,1,4,902.1,797.9,145
21,21,M_F_04.jpg,799,675,bottom,/,/,TRUE,10,1,793.6,677.9,92
21,21,M_F_04.jpg,799,675,bottom,/,/,TRUE,10,2,779.9,735.6,129
21,21,M_F_04.jpg,799,675,bottom,/,/,TRUE,10,3,769.7,712.7,246
21,21,M_F_04.jpg,799,675,bottom,/,/,TRUE,10,4,786.1,685.7,314
21,21,I_M_04.jpg,799,675,bottom,/,/,TRUE,38,1,778.2,485.2,137
21,21,I_M_04.jpg,799,675,bottom,/,/,TRUE,38,2,785.6,601.3,55
21,21,I_M_04.jpg,799,675,bottom,/,/,TRUE,38,3,762.4,702.8,384
21,21,M_F_04.jpg,799,251,top,/,/,TRUE,44,1,791.7,422.5,116
21,21,M_F_04.jpg,799,251,top,/,/,TRUE,44,2,767,250.7,347
21,21,M_F_04.jpg,799,251,top,/,/,TRUE,44,3,828.4,245.8,149
21,21,C_M_03.jpg,799,251,top,/,/,TRUE,46,1,800.9,516.7,124
21,21,C_M_03.jpg,799,251,top,/,/,TRUE,46,2,786,366.7,104
21,21,C_M_03.jpg,799,251,top,/,/,TRUE,46,3,760.5,325.1,188
21,21,C_M_03.jpg,799,251,top,/,/,TRUE,46,4,773.8,304.6,223
21,21,I_M_04.jpg,799,251,top,/,/,TRUE,64,1,799.5,422.8,132
21,21,I_M_04.jpg,799,251,top,/,/,TRUE,64,2,769.2,248.6,169
21,21,I_M_04.jpg,799,251,top,/,/,TRUE,64,3,774.7,248.8,279
21,21,C_M_03.jpg,799,675,bottom,/,/,TRUE,67,1,815.6,655.7,131
21,21,C_M_03.jpg,799,675,bottom,/,/,TRUE,67,2,793.7,722.4,424
21,21,B_M_03.jpg,799,251,top,z,z,TRUE,84,1,801.3,461.9,104
21,21,B_M_03.jpg,799,251,top,z,z,TRUE,84,2,757.2,305.1,184
21,21,B_M_03.jpg,799,251,top,z,z,TRUE,84,3,801.4,283.6,340
22,22,M_F_04.jpg,799,251,top,/,/,TRUE,6,1,795.6,381,134
22,22,M_F_04.jpg,799,251,top,/,/,TRUE,6,2,800.1,251.2,556
22,22,I_M_04.jpg,799,251,top,/,/,TRUE,7,1,793.3,435.8,151
22,22,I_M_04.jpg,799,251,top,/,/,TRUE,7,2,797.9,289.8,425
22,22,I_M_04.jpg,799,675,bottom,/,/,TRUE,28,1,793.5,453,155
22,22,I_M_04.jpg,799,675,bottom,/,/,TRUE,28,2,817,714.9,367
22,22,I_M_04.jpg,799,675,bottom,/,/,TRUE,28,3,803.3,693.8,53
22,22,B_M_03.jpg,799,675,bottom,z,z,TRUE,60,1,822.4,645.6,376
22,22,B_M_03.jpg,799,675,bottom,z,z,TRUE,60,2,806.6,704.3,209
22,22,M_F_04.jpg,799,675,bottom,/,/,TRUE,74,1,820.7,615.8,171
22,22,M_F_04.jpg,799,675,bottom,/,/,TRUE,74,2,819.5,682,473
22,22,B_M_03.jpg,799,251,top,z,z,TRUE,80,1,802.3,439.4,185
22,22,B_M_03.jpg,799,251,top,z,z,TRUE,80,2,810.9,297.9,873
22,22,C_M_03.jpg,799,251,top,/,/,TRUE,87,1,852.7,478.6,127
22,22,C_M_03.jpg,799,251,top,/,/,TRUE,87,2,818.8,289.8,273
22,22,C_M_03.jpg,799,251,top,/,/,TRUE,87,3,809.4,273.1,206
22,22,C_M_03.jpg,799,251,top,/,/,TRUE,87,4,839.9,207,215
22,22,C_M_03.jpg,799,251,top,/,/,TRUE,87,5,829,184.7,261
22,22,C_M_03.jpg,799,675,bottom,/,/,TRUE,95,1,830.6,617.9,452
22,22,C_M_03.jpg,799,675,bottom,/,/,TRUE,95,2,903.5,442.3,20
22,22,C_M_03.jpg,799,675,bottom,/,/,TRUE,95,3,809.5,607.4,170
22,22,C_M_03.jpg,799,675,bottom,/,/,TRUE,95,4,1358.9,1411.2,25
22,22,C_M_03.jpg,799,675,bottom,/,/,TRUE,95,5,1356.4,1249.6,74
22,22,C_M_03.jpg,799,675,bottom,/,/,TRUE,95,6,829.5,646.8,165
23,23,C_M_03.jpg,799,675,bottom,/,/,TRUE,10,1,809.6,628.4,176
23,23,C_M_03.jpg,799,675,bottom,/,/,TRUE,10,2,816.8,719.4,910
23,23,C_M_03.jpg,799,251,top,/,/,TRUE,28,1,802.8,439.2,166
23,23,C_M_03.jpg,799,251,top,/,/,TRUE,28,2,780.6,302.3,269
23,23,C_M_03.jpg,799,251,top,/,/,TRUE,28,3,788.6,283.1,386
23,23,B_M_03.jpg,799,251,top,z,z,TRUE,32,1,797.6,444.3,159
23,23,B_M_03.jpg,799,251,top,z,z,TRUE,32,2,770.1,319.6,184
23,23,B_M_03.jpg,799,251,top,z,z,TRUE,32,3,810,304.1,295
23,23,M_F_04.jpg,799,675,bottom,/,/,TRUE,35,1,825.2,757.5,624
23,23,I_M_04.jpg,799,675,bottom,/,/,TRUE,43,1,791.4,450,113
23,23,I_M_04.jpg,799,675,bottom,/,/,TRUE,43,2,804.7,624.6,122
23,23,I_M_04.jpg,799,675,bottom,/,/,TRUE,43,3,812,723.1,424
23,23,B_M_03.jpg,799,675,bottom,z,z,TRUE,57,1,833.5,564.4,96
23,23,B_M_03.jpg,799,675,bottom,z,z,TRUE,57,2,832.6,686.8,162
23,23,B_M_03.jpg,799,675,bottom,z,z,TRUE,57,3,842.9,707.1,160
23,23,M_F_04.jpg,799,251,top,/,/,TRUE,64,1,789.7,437.2,146
23,23,M_F_04.jpg,799,251,top,/,/,TRUE,64,2,783.9,304.9,179
23,23,M_F_04.jpg,799,251,top,/,/,TRUE,64,3,788.7,274.4,408
23,23,I_M_04.jpg,799,251,top,/,/,TRUE,90,1,806,461.3,160
23,23,I_M_04.jpg,799,251,top,/,/,TRUE,90,2,798.4,384.6,149
23,23,I_M_04.jpg,799,251,top,/,/,TRUE,90,3,796.4,321.5,222
23,23,I_M_04.jpg,799,251,top,/,/,TRUE,90,4,813.2,315.2,117
24,24,B_M_03.jpg,799,251,top,z,z,TRUE,4,1,831.4,444.2,128
24,24,B_M_03.jpg,799,251,top,z,z,TRUE,4,2,816.7,258.9,575
24,24,B_M_03.jpg,799,251,top,z,z,TRUE,4,3,796.2,278.9,207
24,24,B_M_03.jpg,799,251,top,z,z,TRUE,4,4,828.4,280.4,114
24,24,I_M_04.jpg,799,675,bottom,/,/,TRUE,6,1,828.2,701.6,21
24,24,I_M_04.jpg,799,675,bottom,/,/,TRUE,6,2,783.4,679,178
24,24,I_M_04.jpg,799,675,bottom,/,/,TRUE,6,3,779.3,724,330
24,24,I_M_04.jpg,799,675,bottom,/,/,TRUE,6,4,804.2,764.8,238
24,24,M_F_04.jpg,799,675,bottom,/,/,TRUE,19,1,798.8,604.9,163
24,24,M_F_04.jpg,799,675,bottom,/,/,TRUE,19,2,783,730.4,559
24,24,M_F_04.jpg,799,675,bottom,/,/,TRUE,19,3,768.7,704.2,189
24,24,B_M_03.jpg,799,675,bottom,z,z,TRUE,20,1,771.7,599.1,166
24,24,B_M_03.jpg,799,675,bottom,z,z,TRUE,20,2,764.2,742.9,238
24,24,B_M_03.jpg,799,675,bottom,z,z,TRUE,20,3,790.8,755.9,176
24,24,B_M_03.jpg,799,675,bottom,z,z,TRUE,20,4,757.3,768.8,236
24,24,B_M_03.jpg,799,675,bottom,z,z,TRUE,20,5,818.2,768.8,388
24,24,B_M_03.jpg,799,675,bottom,z,z,TRUE,20,6,750.4,777.3,94
24,24,C_M_03.jpg,799,251,top,/,/,TRUE,23,1,796.8,427,192
24,24,C_M_03.jpg,799,251,top,/,/,TRUE,23,2,774.7,278.1,711
24,24,C_M_03.jpg,799,251,top,/,/,TRUE,23,3,799.3,272.2,499
24,24,C_M_03.jpg,799,675,bottom,/,/,TRUE,54,1,804.2,444.9,165
24,24,C_M_03.jpg,799,675,bottom,/,/,TRUE,54,2,771.6,698.8,269
24,24,C_M_03.jpg,799,675,bottom,/,/,TRUE,54,3,788.1,746.5,973
24,24,I_M_04.jpg,799,251,top,/,/,TRUE,58,1,785.4,439,214
24,24,I_M_04.jpg,799,251,top,/,/,TRUE,58,2,769.5,311.5,174
24,24,I_M_04.jpg,799,251,top,/,/,TRUE,58,3,783,307.8,247
24,24,M_F_04.jpg,799,251,top,/,/,TRUE,75,1,785.8,453.3,45
24,24,M_F_04.jpg,799,251,top,/,/,TRUE,75,2,765.9,469.4,74
24,24,M_F_04.jpg,799,251,top,/,/,TRUE,75,3,787.5,386.3,86
24,24,M_F_04.jpg,799,251,top,/,/,TRUE,75,4,778.9,339.2,191
24,24,M_F_04.jpg,799,251,top,/,/,TRUE,75,5,777.4,355.3,581
24,24,M_F_04.jpg,799,251,top,/,/,TRUE,75,6,786.2,357.4,356
25,25,M_F_04.jpg,799,251,top,z,/,FALSE,34,1,785,434.9,131
25,25,M_F_04.jpg,799,251,top,z,/,FALSE,34,2,772.9,240,316
25,25,M_F_04.jpg,799,251,top,z,/,FALSE,34,3,737.7,245.8,631
25,25,M_F_04.jpg,799,251,top,z,/,FALSE,34,4,803.4,239.5,346
25,25,M_F_04.jpg,799,251,top,z,/,FALSE,34,5,756.8,238.3,479
25,25,M_F_04.jpg,799,251,top,z,/,FALSE,34,6,799,256.6,287
25,25,M_F_04.jpg,799,251,top,z,/,FALSE,34,7,796.1,236.4,249
25,25,B_M_03.jpg,799,675,bottom,/,z,FALSE,39,1,784.3,692,277
25,25,B_M_03.jpg,799,675,bottom,/,z,FALSE,39,2,826.9,691,366
25,25,C_M_03.jpg,799,675,bottom,z,/,FALSE,44,1,826.8,402,145
25,25,C_M_03.jpg,799,675,bottom,z,/,FALSE,44,2,788.9,690.1,201
25,25,C_M_03.jpg,799,675,bottom,z,/,FALSE,44,3,776.7,717.9,368
25,25,I_M_04.jpg,799,251,top,z,/,FALSE,57,1,762.4,257.1,298
25,25,I_M_04.jpg,799,251,top,z,/,FALSE,57,2,742.8,238.5,307
25,25,I_M_04.jpg,799,251,top,z,/,FALSE,57,3,788.9,249.7,462
25,25,I_M_04.jpg,799,251,top,z,/,FALSE,57,4,740,244.9,66
25,25,I_M_04.jpg,799,675,bottom,z,/,FALSE,63,1,761.3,616,156
25,25,I_M_04.jpg,799,675,bottom,z,/,FALSE,63,2,759.2,755.6,318
25,25,I_M_04.jpg,799,675,bottom,z,/,FALSE,63,3,764.6,717,249
25,25,B_M_03.jpg,799,251,top,/,z,FALSE,74,1,807,392.1,143
25,25,B_M_03.jpg,799,251,top,/,z,FALSE,74,2,811.6,260.2,513
25,25,C_M_03.jpg,799,251,top,z,/,FALSE,92,1,755.9,242.7,44
25,25,C_M_03.jpg,799,251,top,z,/,FALSE,92,2,786.5,254.5,490
25,25,M_F_04.jpg,799,675,bottom,z,/,FALSE,96,1,765.8,315.1,144
25,25,M_F_04.jpg,799,675,bottom,z,/,FALSE,96,2,752.4,699.8,75
25,25,M_F_04.jpg,799,675,bottom,z,/,FALSE,96,3,749.2,624,340
25,25,M_F_04.jpg,799,675,bottom,z,/,FALSE,96,4,783.9,618.9,190
26,26,I_M_04.jpg,799,675,bottom,/,/,TRUE,10,1,798.9,596.6,131
26,26,I_M_04.jpg,799,675,bottom,/,/,TRUE,10,2,811.9,668,133
26,26,I_M_04.jpg,799,675,bottom,/,/,TRUE,10,3,842.1,682.9,361
26,26,M_F_04.jpg,799,675,bottom,/,/,TRUE,13,1,794,451.3,118
26,26,M_F_04.jpg,799,675,bottom,/,/,TRUE,13,2,788.7,650.3,202
26,26,M_F_04.jpg,799,675,bottom,/,/,TRUE,13,3,832.6,670,357
26,26,M_F_04.jpg,799,675,bottom,/,/,TRUE,13,4,785.4,657.7,326
26,26,M_F_04.jpg,799,251,top,/,/,TRUE,23,1,791,574.2,159
26,26,M_F_04.jpg,799,251,top,/,/,TRUE,23,2,804.5,290.3,485
26,26,B_M_03.jpg,799,675,bottom,z,z,TRUE,26,1,824.9,649.7,185
26,26,B_M_03.jpg,799,675,bottom,z,z,TRUE,26,2,830.6,707.2,131
26,26,B_M_03.jpg,799,675,bottom,z,z,TRUE,26,3,848.2,721.6,426
26,26,C_M_03.jpg,799,675,bottom,/,/,TRUE,60,1,806.7,589.3,122
26,26,C_M_03.jpg,799,675,bottom,/,/,TRUE,60,2,800.6,664.4,165
26,26,C_M_03.jpg,799,675,bottom,/,/,TRUE,60,3,807.9,689.3,150
26,26,C_M_03.jpg,799,675,bottom,/,/,TRUE,60,4,821.9,690.9,198
26,26,C_M_03.jpg,799,675,bottom,/,/,TRUE,60,5,773.6,679.4,67
26,26,I_M_04.jpg,799,251,top,/,/,TRUE,62,1,812.9,434.6,43
26,26,I_M_04.jpg,799,251,top,/,/,TRUE,62,2,848.3,291.9,437
26,26,C_M_03.jpg,799,251,top,/,/,TRUE,66,1,797.6,430.6,103
26,26,C_M_03.jpg,799,251,top,/,/,TRUE,66,2,776,287.6,175
26,26,C_M_03.jpg,799,251,top,/,/,TRUE,66,3,778.2,265.9,129
26,26,C_M_03.jpg,799,251,top,/,/,TRUE,66,4,804.6,269.4,135
26,26,B_M_03.jpg,799,251,top,z,z,TRUE,92,1,785.9,433.4,162
26,26,B_M_03.jpg,799,251,top,z,z,TRUE,92,2,772.2,297.8,137
26,26,B_M_03.jpg,799,251,top,z,z,TRUE,92,3,810.8,303.2,335
26,26,B_M_03.jpg,799,251,top,z,z,TRUE,92,4,757.8,284.1,68
27,27,I_M_04.jpg,799,251,top,/,/,TRUE,14,1,791.5,443.5,39
27,27,I_M_04.jpg,799,251,top,/,/,TRUE,14,2,788.6,442.2,70
27,27,I_M_04.jpg,799,251,top,/,/,TRUE,14,3,784.3,295.5,67
27,27,I_M_04.jpg,799,251,top,/,/,TRUE,14,4,787,297.9,250
27,27,I_M_04.jpg,799,251,top,/,/,TRUE,14,5,786,322.6,29
27,27,I_M_04.jpg,799,251,top,/,/,TRUE,14,6,803.7,315.5,137
27,27,I_M_04.jpg,799,251,top,/,/,TRUE,14,7,804.2,315.4,92
27,27,I_M_04.jpg,799,251,top,/,/,TRUE,14,8,830.8,317.6,72
27,27,I_M_04.jpg,799,251,top,/,/,TRUE,14,9,827.4,317.2,66
27,27,I_M_04.jpg,799,251,top,/,/,TRUE,14,10,819.6,317.5,101
27,27,C_M_03.jpg,799,675,bottom,/,/,TRUE,25,1,782.1,582.7,142
27,27,C_M_03.jpg,799,675,bottom,/,/,TRUE,25,2,782.8,665.7,97
27,27,C_M_03.jpg,799,675,bottom,/,/,TRUE,25,3,786.8,678.3,114
27,27,C_M_03.jpg,799,675,bottom,/,/,TRUE,25,4,831.5,701.1,487
27,27,C_M_03.jpg,799,675,bottom,/,/,TRUE,25,5,806,746.5,32
27,27,C_M_03.jpg,799,675,bottom,/,/,TRUE,25,6,812.1,744,172
27,27,C_M_03.jpg,799,675,bottom,/,/,TRUE,25,7,780.8,584.6,222
27,27,C_M_03.jpg,799,675,bottom,/,/,TRUE,25,8,780.6,584.9,4
27,27,M_F_04.jpg,799,251,top,/,/,TRUE,37,1,818.5,410.9,28
27,27,M_F_04.jpg,799,251,top,/,/,TRUE,37,2,818.4,416.6,93
27,27,M_F_04.jpg,799,251,top,/,/,TRUE,37,3,797.8,257.8,137
27,27,M_F_04.jpg,799,251,top,/,/,TRUE,37,4,796.8,191.5,33
27,27,M_F_04.jpg,799,251,top,/,/,TRUE,37,5,779.2,166.5,96
27,27,M_F_04.jpg,799,251,top,/,/,TRUE,37,6,847.1,210.9,26
27,27,M_F_04.jpg,799,251,top,/,/,TRUE,37,7,849.6,215.7,124
27,27,M_F_04.jpg,799,251,top,/,/,TRUE,37,8,850.9,221.3,149
27,27,M_F_04.jpg,799,251,top,/,/,TRUE,37,9,786.8,250.2,27
27,27,M_F_04.jpg,799,251,top,/,/,TRUE,37,10,790,246.7,121
27,27,I_M_04.jpg,799,675,bottom,/,/,TRUE,57,1,796.6,571.7,49
27,27,I_M_04.jpg,799,675,bottom,/,/,TRUE,57,2,812.5,581.2,53
27,27,I_M_04.jpg,799,675,bottom,/,/,TRUE,57,3,823.1,667.6,349
27,27,I_M_04.jpg,799,675,bottom,/,/,TRUE,57,4,862.8,670.5,109
27,27,I_M_04.jpg,799,675,bottom,/,/,TRUE,57,5,866.5,675.4,95
27,27,I_M_04.jpg,799,675,bottom,/,/,TRUE,57,6,869.1,674.5,161
27,27,I_M_04.jpg,799,675,bottom,/,/,TRUE,57,7,841,716.4,97
27,27,B_M_03.jpg,799,251,top,z,z,TRUE,71,1,790.6,465.7,1
27,27,B_M_03.jpg,799,251,top,z,z,TRUE,71,2,785.4,351.8,51
27,27,B_M_03.jpg,799,251,top,z,z,TRUE,71,3,785.2,295.1,139
27,27,B_M_03.jpg,799,251,top,z,z,TRUE,71,4,791.7,306.7,67
27,27,B_M_03.jpg,799,251,top,z,z,TRUE,71,5,793.4,308.4,91
27,27,B_M_03.jpg,799,251,top,z,z,TRUE,71,6,840.4,268.7,23
27,27,B_M_03.jpg,799,251,top,z,z,TRUE,71,7,839.9,265.1,21
27,27,B_M_03.jpg,799,251,top,z,z,TRUE,71,8,841.1,253.3,59
27,27,B_M_03.jpg,799,251,top,z,z,TRUE,71,9,842.2,246.4,29
27,27,M_F_04.jpg,799,675,bottom,/,/,TRUE,76,1,813,511.6,146
27,27,M_F_04.jpg,799,675,bottom,/,/,TRUE,76,2,815.1,629.1,146
27,27,M_F_04.jpg,799,675,bottom,/,/,TRUE,76,3,885.6,733.6,118
27,27,M_F_04.jpg,799,675,bottom,/,/,TRUE,76,4,887,655.3,73
27,27,C_M_03.jpg,799,251,top,/,/,TRUE,88,1,797.8,360,38
27,27,C_M_03.jpg,799,251,top,/,/,TRUE,88,2,802.3,348.5,40
27,27,C_M_03.jpg,799,251,top,/,/,TRUE,88,3,800.4,349.5,25
27,27,C_M_03.jpg,799,251,top,/,/,TRUE,88,4,771.5,209.6,110
27,27,C_M_03.jpg,799,251,top,/,/,TRUE,88,5,778.6,59.6,79
27,27,C_M_03.jpg,799,251,top,/,/,TRUE,88,6,785.3,64,99
27,27,C_M_03.jpg,799,251,top,/,/,TRUE,88,7,819.4,57.2,334
27,27,C_M_03.jpg,799,251,top,/,/,TRUE,88,8,786.8,141.3,103
27,27,B_M_03.jpg,799,675,bottom,z,z,TRUE,90,1,792.3,472.6,79
27,27,B_M_03.jpg,799,675,bottom,z,z,TRUE,90,2,793.5,550.1,185
27,27,B_M_03.jpg,799,675,bottom,z,z,TRUE,90,3,799.2,571.2,95
27,27,B_M_03.jpg,799,675,bottom,z,z,TRUE,90,4,805.7,585.6,21
27,27,B_M_03.jpg,799,675,bottom,z,z,TRUE,90,5,814.4,598.5,115
27,27,B_M_03.jpg,799,675,bottom,z,z,TRUE,90,6,857.2,626.4,177
28,28,M_F_04.jpg,799,251,top,/,/,TRUE,17,1,785,428.1,158
28,28,M_F_04.jpg,799,251,top,/,/,TRUE,17,2,789.6,257.4,231
28,28,M_F_04.jpg,799,251,top,/,/,TRUE,17,3,755.5,288.1,149
28,28,B_M_03.jpg,799,251,top,z,z,TRUE,27,1,800.6,452.4,150
28,28,B_M_03.jpg,799,251,top,z,z,TRUE,27,2,829.2,264.4,222
28,28,B_M_03.jpg,799,251,top,z,z,TRUE,27,3,789.1,303.7,198
28,28,C_M_03.jpg,799,251,top,/,/,TRUE,32,1,803.9,444.1,199
28,28,C_M_03.jpg,799,251,top,/,/,TRUE,32,2,805.7,247.3,259
28,28,C_M_03.jpg,799,251,top,/,/,TRUE,32,3,777.1,255.3,266
28,28,C_M_03.jpg,799,675,bottom,/,/,TRUE,51,1,757.1,718.5,295
28,28,C_M_03.jpg,799,675,bottom,/,/,TRUE,51,2,777.7,730.6,238
28,28,C_M_03.jpg,799,675,bottom,/,/,TRUE,51,3,833.3,744.6,108
28,28,B_M_03.jpg,799,675,bottom,z,z,TRUE,55,1,835.8,434.1,152
28,28,B_M_03.jpg,799,675,bottom,z,z,TRUE,55,2,788.2,678.1,223
28,28,B_M_03.jpg,799,675,bottom,z,z,TRUE,55,3,803.3,736.4,255
28,28,B_M_03.jpg,799,675,bottom,z,z,TRUE,55,4,764.5,731.7,38
28,28,I_M_04.jpg,799,675,bottom,/,/,TRUE,67,1,804,447.7,169
28,28,I_M_04.jpg,799,675,bottom,/,/,TRUE,67,2,802.2,724.4,338
28,28,I_M_04.jpg,799,675,bottom,/,/,TRUE,67,3,836.5,763.4,356
28,28,I_M_04.jpg,799,251,top,/,/,TRUE,86,1,810.9,391.5,163
28,28,I_M_04.jpg,799,251,top,/,/,TRUE,86,2,810.9,233.4,220
28,28,I_M_04.jpg,799,251,top,/,/,TRUE,86,3,777.1,256.4,324
28,28,M_F_04.jpg,799,675,bottom,/,/,TRUE,88,1,782.6,699,253
28,28,M_F_04.jpg,799,675,bottom,/,/,TRUE,88,2,748.6,746,233
28,28,M_F_04.jpg,799,675,bottom,/,/,TRUE,88,3,804.4,743.1,91
29,29,M_F_04.jpg,799,675,bottom,.,/,FALSE,3,1,824.6,641.7,159
29,29,M_F_04.jpg,799,675,bottom,.,/,FALSE,3,2,820.5,677.7,467
29,29,M_F_04.jpg,799,675,bottom,.,/,FALSE,3,3,829.5,689.2,185
29,29,I_M_04.jpg,799,675,bottom,/,/,TRUE,39,1,804.4,575.9,160
29,29,I_M_04.jpg,799,675,bottom,/,/,TRUE,39,2,793.1,647.5,25
29,29,I_M_04.jpg,799,675,bottom,/,/,TRUE,39,3,796,659.8,117
29,29,I_M_04.jpg,799,675,bottom,/,/,TRUE,39,4,827,664.4,336
29,29,C_M_03.jpg,799,251,top,/,/,TRUE,42,1,813.7,572.5,133
29,29,C_M_03.jpg,799,251,top,/,/,TRUE,42,2,790.4,272.8,528
29,29,C_M_03.jpg,799,251,top,/,/,TRUE,42,3,811,267.1,87
29,29,M_F_04.jpg,799,251,top,/,/,TRUE,52,1,792,440.8,134
29,29,M_F_04.jpg,799,251,top,/,/,TRUE,52,2,790,314.7,193
29,29,M_F_04.jpg,799,251,top,/,/,TRUE,52,3,788.6,279.6,226
29,29,M_F_04.jpg,799,251,top,/,/,TRUE,52,4,804.2,294,250
29,29,C_M_03.jpg,799,675,bottom,/,/,TRUE,59,1,825.3,663,252
29,29,C_M_03.jpg,799,675,bottom,/,/,TRUE,59,2,808.2,698,363
29,29,C_M_03.jpg,799,675,bottom,/,/,TRUE,59,3,650.4,426.8,61
29,29,C_M_03.jpg,799,675,bottom,/,/,TRUE,59,4,654.7,356.7,58
29,29,C_M_03.jpg,799,675,bottom,/,/,TRUE,59,5,656.3,346.9,21
29,29,C_M_03.jpg,799,675,bottom,/,/,TRUE,59,6,652,350.4,23
29,29,I_M_04.jpg,799,251,top,/,/,TRUE,64,1,790.9,422.5,148
29,29,I_M_04.jpg,799,251,top,/,/,TRUE,64,2,794.8,268.4,75
29,29,I_M_04.jpg,799,251,top,/,/,TRUE,64,3,796.4,249,119
29,29,I_M_04.jpg,799,251,top,/,/,TRUE,64,4,823,247.2,256
29,29,B_M_03.jpg,799,251,top,z,z,TRUE,74,1,878.5,503.6,131
29,29,B_M_03.jpg,799,251,top,z,z,TRUE,74,2,819.8,262.7,344
29,29,B_M_03.jpg,799,251,top,z,z,TRUE,74,3,841.6,266.2,170
29,29,B_M_03.jpg,799,675,bottom,z,z,TRUE,96,1,775.8,453.4,84
29,29,B_M_03.jpg,799,675,bottom,z,z,TRUE,96,2,807.8,643.1,197
29,29,B_M_03.jpg,799,675,bottom,z,z,TRUE,96,3,835.8,692.2,233
29,29,B_M_03.jpg,799,675,bottom,z,z,TRUE,96,4,807.9,685.4,145
30,30,I_M_04.jpg,799,251,top,/,/,TRUE,23,1,798.3,457.7,157
30,30,I_M_04.jpg,799,251,top,/,/,TRUE,23,2,735.5,294.9,695
30,30,B_M_03.jpg,799,251,top,z,z,TRUE,52,1,788.9,432.9,157
30,30,B_M_03.jpg,799,251,top,z,z,TRUE,52,2,782.8,278.1,470
30,30,B_M_03.jpg,799,251,top,z,z,TRUE,52,3,816.7,261.7,181
30,30,B_M_03.jpg,799,251,top,z,z,TRUE,52,4,840.4,264.3,437
30,30,B_M_03.jpg,799,251,top,z,z,TRUE,52,5,776.4,259.6,328
30,30,M_F_04.jpg,799,675,bottom,/,/,TRUE,53,1,812.5,583.1,101
30,30,M_F_04.jpg,799,675,bottom,/,/,TRUE,53,2,818.3,680.2,156
30,30,M_F_04.jpg,799,675,bottom,/,/,TRUE,53,3,780.7,694.9,564
30,30,M_F_04.jpg,799,675,bottom,/,/,TRUE,53,4,797.7,676.2,160
30,30,M_F_04.jpg,799,675,bottom,/,/,TRUE,53,5,861.2,682.9,110
30,30,I_M_04.jpg,799,675,bottom,/,/,TRUE,69,1,799.5,629.5,188
30,30,I_M_04.jpg,799,675,bottom,/,/,TRUE,69,2,781.6,712.8,427
30,30,I_M_04.jpg,799,675,bottom,/,/,TRUE,69,3,750.2,712.1,704
30,30,I_M_04.jpg,799,675,bottom,/,/,TRUE,69,4,804.1,710.4,301
30,30,B_M_03.jpg,799,675,bottom,z,z,TRUE,71,1,803.9,452.5,178
30,30,B_M_03.jpg,799,675,bottom,z,z,TRUE,71,2,806.8,681.5,164
30,30,B_M_03.jpg,799,675,bottom,z,z,TRUE,71,3,783,738.7,420
30,30,C_M_03.jpg,799,251,top,/,/,TRUE,87,1,797,460.9,153
30,30,C_M_03.jpg,799,251,top,/,/,TRUE,87,2,775.8,324,220
30,30,C_M_03.jpg,799,251,top,/,/,TRUE,87,3,728.9,306.4,580
30,30,C_M_03.jpg,799,251,top,/,/,TRUE,87,4,780.4,281.8,410
30,30,C_M_03.jpg,799,251,top,/,/,TRUE,87,5,752.5,316.1,185
30,30,C_M_03.jpg,799,675,bottom,/,/,TRUE,89,1,788.7,612.7,191
30,30,C_M_03.jpg,799,675,bottom,/,/,TRUE,89,2,758.6,682.9,207
30,30,C_M_03.jpg,799,675,bottom,/,/,TRUE,89,3,735.5,676.6,499
30,30,C_M_03.jpg,799,675,bottom,/,/,TRUE,89,4,766.2,656.4,295
30,30,C_M_03.jpg,799,675,bottom,/,/,TRUE,89,5,785.3,654.6,758
30,30,C_M_03.jpg,799,675,bottom,/,/,TRUE,89,6,724.6,672.8,122
30,30,M_F_04.jpg,799,251,top,/,/,TRUE,92,1,803.1,441.5,158
30,30,M_F_04.jpg,799,251,top,/,/,TRUE,92,2,771.6,303.2,184
30,30,M_F_04.jpg,799,251,top,/,/,TRUE,92,3,745.1,251.5,606
30,30,M_F_04.jpg,799,251,top,/,/,TRUE,92,4,816.7,248.4,189
30,30,M_F_04.jpg,799,251,top,/,/,TRUE,92,5,768.4,311.5,350
31,31,C_M_03.jpg,799,675,bottom,/,/,TRUE,27,1,797.3,670.1,383
31,31,C_M_03.jpg,799,675,bottom,/,/,TRUE,27,2,772.8,674.6,371
31,31,C_M_03.jpg,799,251,top,/,/,TRUE,36,1,842.1,426.1,216
31,31,C_M_03.jpg,799,251,top,/,/,TRUE,36,2,791.6,293.3,251
31,31,C_M_03.jpg,799,251,top,/,/,TRUE,36,3,841.3,288.3,276
31,31,I_M_04.jpg,799,675,bottom,/,/,TRUE,39,1,775.1,631.9,198
31,31,I_M_04.jpg,799,675,bottom,/,/,TRUE,39,2,788.3,702.4,391
31,31,M_F_04.jpg,799,251,top,z,/,FALSE,47,1,800.5,359.3,167
31,31,M_F_04.jpg,799,251,top,z,/,FALSE,47,2,749.7,259.5,453
31,31,M_F_04.jpg,799,251,top,z,/,FALSE,47,3,807.5,277.6,442
31,31,B_M_03.jpg,799,251,top,z,z,TRUE,57,1,860.6,336.4,182
31,31,B_M_03.jpg,799,251,top,z,z,TRUE,57,2,788.1,235.4,390
31,31,I_M_04.jpg,799,251,top,/,/,TRUE,82,1,796.2,435.9,179
31,31,I_M_04.jpg,799,251,top,/,/,TRUE,82,2,766.5,272,428
31,31,I_M_04.jpg,799,251,top,/,/,TRUE,82,3,733,277.8,133
31,31,M_F_04.jpg,799,675,bottom,z,/,FALSE,89,1,770.5,596.4,182
31,31,M_F_04.jpg,799,675,bottom,z,/,FALSE,89,2,750.9,690.3,214
31,31,M_F_04.jpg,799,675,bottom,z,/,FALSE,89,3,771.4,675,204
31,31,M_F_04.jpg,799,675,bottom,z,/,FALSE,89,4,836.8,675.4,384
31,31,M_F_04.jpg,799,675,bottom,z,/,FALSE,89,5,766.3,676.7,366
31,31,B_M_03.jpg,799,675,bottom,z,z,TRUE,91,1,762.2,612.7,189
31,31,B_M_03.jpg,799,675,bottom,z,z,TRUE,91,2,777.9,704.7,376
32,32,I_M_04.jpg,799,251,top,/,/,TRUE,4,1,786.4,427.6,140
32,32,I_M_04.jpg,799,251,top,/,/,TRUE,4,2,779.5,284.7,177
32,32,I_M_04.jpg,799,251,top,/,/,TRUE,4,3,784.4,249.3,232
32,32,I_M_04.jpg,799,251,top,/,/,TRUE,4,4,814.8,220.4,151
32,32,M_F_04.jpg,799,675,bottom,/,/,TRUE,35,1,789,455,123
32,32,M_F_04.jpg,799,675,bottom,/,/,TRUE,35,2,766.8,584.8,61
32,32,M_F_04.jpg,799,675,bottom,/,/,TRUE,35,3,771.2,660.7,172
32,32,M_F_04.jpg,799,675,bottom,/,/,TRUE,35,4,749.8,673.6,168
32,32,I_M_04.jpg,799,675,bottom,z,/,FALSE,36,1,774.8,468.2,113
32,32,I_M_04.jpg,799,675,bottom,z,/,FALSE,36,2,763.3,618.3,62
32,32,I_M_04.jpg,799,675,bottom,z,/,FALSE,36,3,779.4,703.7,557
32,32,B_M_03.jpg,799,251,top,z,z,TRUE,39,1,804.6,571.2,154
32,32,B_M_03.jpg,799,251,top,z,z,TRUE,39,2,790.2,264.3,469
32,32,B_M_03.jpg,799,251,top,z,z,TRUE,39,3,833.9,221.3,280
32,32,B_M_03.jpg,799,675,bottom,z,z,TRUE,53,1,816.8,448.9,126
32,32,B_M_03.jpg,799,675,bottom,z,z,TRUE,53,2,811.6,611.8,75
32,32,B_M_03.jpg,799,675,bottom,z,z,TRUE,53,3,813.9,661.1,141
32,32,B_M_03.jpg,799,675,bottom,z,z,TRUE,53,4,803.7,675.1,322
32,32,B_M_03.jpg,799,675,bottom,z,z,TRUE,53,5,838,673.1,7
32,32,M_F_04.jpg,799,251,top,/,/,TRUE,65,1,819.4,433.1,108
32,32,M_F_04.jpg,799,251,top,/,/,TRUE,65,2,790.5,212.8,724
32,32,C_M_03.jpg,799,675,bottom,/,/,TRUE,82,1,778.3,558.2,84
32,32,C_M_03.jpg,799,675,bottom,/,/,TRUE,82,2,773.6,645.4,190
32,32,C_M_03.jpg,799,675,bottom,/,/,TRUE,82,3,759,659.4,298
32,32,C_M_03.jpg,799,251,top,/,/,TRUE,84,1,803.4,428.9,122
32,32,C_M_03.jpg,799,251,top,/,/,TRUE,84,2,778.5,265.7,206
32,32,C_M_03.jpg,799,251,top,/,/,TRUE,84,3,770.6,217.3,257
33,33,B_M_03.jpg,799,675,bottom,z,z,TRUE,14,1,790.7,556.4,146
33,33,B_M_03.jpg,799,675,bottom,z,z,TRUE,14,2,797.8,688.6,387
33,33,B_M_03.jpg,799,251,top,z,z,TRUE,35,1,815.6,431.4,190
33,33,B_M_03.jpg,799,251,top,z,z,TRUE,35,2,836.5,338.3,294
33,33,I_M_04.jpg,799,251,top,MISSING_DATA,/,FALSE,53,1,794.9,451.6,144
33,33,I_M_04.jpg,799,251,top,MISSING_DATA,/,FALSE,53,2,821.6,358.4,658
33,33,I_M_04.jpg,799,251,top,MISSING_DATA,/,FALSE,53,3,810.9,340.3,299
33,33,I_M_04.jpg,799,251,top,MISSING_DATA,/,FALSE,53,4,877.1,349.5,225
33,33,I_M_04.jpg,799,251,top,MISSING_DATA,/,FALSE,53,5,893.7,350.8,299
33,33,I_M_04.jpg,799,251,top,MISSING_DATA,/,FALSE,53,6,741.9,351.5,375
33,33,I_M_04.jpg,799,251,top,MISSING_DATA,/,FALSE,53,7,716.9,344.2,516
33,33,I_M_04.jpg,799,251,top,MISSING_DATA,/,FALSE,53,8,864.5,306.7,339
33,33,M_F_04.jpg,799,251,top,/,/,TRUE,62,1,797.6,416.8,172
33,33,M_F_04.jpg,799,251,top,/,/,TRUE,62,2,796.1,326.6,193
33,33,M_F_04.jpg,799,251,top,/,/,TRUE,62,3,803.4,292,630
33,33,C_M_03.jpg,799,251,top,/,/,TRUE,67,1,797.5,447.6,207
33,33,C_M_03.jpg,799,251,top,/,/,TRUE,67,2,798.3,402.8,262
33,33,C_M_03.jpg,799,251,top,/,/,TRUE,67,3,806.4,397.9,221
33,33,M_F_04.jpg,799,675,bottom,MISSING_DATA,/,FALSE,70,1,817.7,605.8,211
33,33,M_F_04.jpg,799,675,bottom,MISSING_DATA,/,FALSE,70,2,816.1,715.5,898
33,33,M_F_04.jpg,799,675,bottom,MISSING_DATA,/,FALSE,70,3,785.9,726.4,316
33,33,M_F_04.jpg,799,675,bottom,MISSING_DATA,/,FALSE,70,4,833.9,701.6,262
33,33,M_F_04.jpg,799,675,bottom,MISSING_DATA,/,FALSE,70,5,835.8,667.3,303
33,33,M_F_04.jpg,799,675,bottom,MISSING_DATA,/,FALSE,70,6,825.6,688.3,158
33,33,I_M_04.jpg,799,675,bottom,MISSING_DATA,/,FALSE,79,1,808.9,657.2,286
33,33,I_M_04.jpg,799,675,bottom,MISSING_DATA,/,FALSE,79,2,830.6,770.9,331
33,33,I_M_04.jpg,799,675,bottom,MISSING_DATA,/,FALSE,79,3,825.5,737.3,188
33,33,I_M_04.jpg,799,675,bottom,MISSING_DATA,/,FALSE,79,4,858.7,739.2,645
33,33,I_M_04.jpg,799,675,bottom,MISSING_DATA,/,FALSE,79,5,813.3,646.6,1152
33,33,I_M_04.jpg,799,675,bottom,MISSING_DATA,/,FALSE,79,6,810,661.2,281
33,33,C_M_03.jpg,799,675,bottom,/,/,TRUE,84,1,816.9,503.1,155
33,33,C_M_03.jpg,799,675,bottom,/,/,TRUE,84,2,799.4,719,265
33,33,C_M_03.jpg,799,675,bottom,/,/,TRUE,84,3,821.2,826.4,249
34,34,C_M_03.jpg,799,675,bottom,/,/,TRUE,4,1,802.4,457,122
34,34,C_M_03.jpg,799,675,bottom,/,/,TRUE,4,2,788.8,718.4,196
34,34,C_M_03.jpg,799,675,bottom,/,/,TRUE,4,3,788.3,729,148
34,34,C_M_03.jpg,799,675,bottom,/,/,TRUE,4,4,818.5,713.1,241
34,34,M_F_04.jpg,799,675,bottom,/,/,TRUE,8,1,800.7,453,142
34,34,M_F_04.jpg,799,675,bottom,/,/,TRUE,8,2,797.6,719.3,220
34,34,M_F_04.jpg,799,675,bottom,/,/,TRUE,8,3,768.6,707.8,325
34,34,M_F_04.jpg,799,675,bottom,/,/,TRUE,8,4,833.9,719.1,457
34,34,B_M_03.jpg,799,675,bottom,z,z,TRUE,23,1,814.8,690.5,471
34,34,B_M_03.jpg,799,675,bottom,z,z,TRUE,23,2,769.4,695.7,152
34,34,I_M_04.jpg,799,251,top,/,/,TRUE,31,1,803.2,461.6,130
34,34,I_M_04.jpg,799,251,top,/,/,TRUE,31,2,783.6,256.4,222
34,34,I_M_04.jpg,799,251,top,/,/,TRUE,31,3,811.4,221.3,268
34,34,B_M_03.jpg,799,251,top,z,z,TRUE,34,1,796.3,429.9,123
34,34,B_M_03.jpg,799,251,top,z,z,TRUE,34,2,783,201.6,159
34,34,B_M_03.jpg,799,251,top,z,z,TRUE,34,3,817.1,183.2,252
34,34,C_M_03.jpg,799,251,top,/,/,TRUE,35,1,798.5,424.8,123
34,34,C_M_03.jpg,799,251,top,/,/,TRUE,35,2,769.4,222.9,342
34,34,C_M_03.jpg,799,251,top,/,/,TRUE,35,3,797.3,181.8,247
34,34,M_F_04.jpg,799,251,top,/,/,TRUE,61,1,817.2,471.6,134
34,34,M_F_04.jpg,799,251,top,/,/,TRUE,61,2,802.8,303.3,147
34,34,M_F_04.jpg,799,251,top,/,/,TRUE,61,3,794.9,176,287
34,34,M_F_04.jpg,799,251,top,/,/,TRUE,61,4,759.6,181.2,97
34,34,I_M_04.jpg,799,675,bottom,/,/,TRUE,83,1,811.4,667,237
34,34,I_M_04.jpg,799,675,bottom,/,/,TRUE,83,2,803,697,222
34,34,I_M_04.jpg,799,675,bottom,/,/,TRUE,83,3,836.5,694.8,106
35,35,C_M_03.jpg,799,251,top,/,/,TRUE,26,1,790.4,448.9,141
35,35,C_M_03.jpg,799,251,top,/,/,TRUE,26,2,820.5,335.4,333
35,35,C_M_03.jpg,799,251,top,/,/,TRUE,26,3,792.8,358.5,375
35,35,M_F_04.jpg,799,675,bottom,/,/,TRUE,58,1,806.6,687.5,390
35,35,M_F_04.jpg,799,675,bottom,/,/,TRUE,58,2,806.4,736.8,384
35,35,M_F_04.jpg,799,675,bottom,/,/,TRUE,58,3,817,751.4,176
35,35,B_M_03.jpg,799,675,bottom,z,z,TRUE,66,1,786.6,644,221
35,35,B_M_03.jpg,799,675,bottom,z,z,TRUE,66,2,792.7,726.7,384
35,35,B_M_03.jpg,799,675,bottom,z,z,TRUE,66,3,845.5,725.5,194
35,35,I_M_04.jpg,799,251,top,/,/,TRUE,72,1,802.5,437.9,141
35,35,I_M_04.jpg,799,251,top,/,/,TRUE,72,2,813,310.3,177
35,35,I_M_04.jpg,799,251,top,/,/,TRUE,72,3,798.3,305.6,488
35,35,B_M_03.jpg,799,251,top,z,z,TRUE,73,1,805.7,432.6,131
35,35,B_M_03.jpg,799,251,top,z,z,TRUE,73,2,801.9,287.5,371
35,35,B_M_03.jpg,799,251,top,z,z,TRUE,73,3,836.6,307,236
35,35,I_M_04.jpg,799,675,bottom,/,/,TRUE,75,1,794.9,504,140
35,35,I_M_04.jpg,799,675,bottom,/,/,TRUE,75,2,796.8,674.3,25
35,35,I_M_04.jpg,799,675,bottom,/,/,TRUE,75,3,802.7,761,261
35,35,I_M_04.jpg,799,675,bottom,/,/,TRUE,75,4,823.5,815.9,334
35,35,C_M_03.jpg,799,675,bottom,/,/,TRUE,79,1,836.8,776.8,178
35,35,C_M_03.jpg,799,675,bottom,/,/,TRUE,79,2,811.6,783.5,224
35,35,C_M_03.jpg,799,675,bottom,/,/,TRUE,79,3,832,775.9,650
35,35,C_M_03.jpg,799,675,bottom,/,/,TRUE,79,4,839.1,761.5,82
35,35,M_F_04.jpg,799,251,top,/,/,TRUE,82,1,788.2,438.5,185
35,35,M_F_04.jpg,799,251,top,/,/,TRUE,82,2,798.3,293.5,370
35,35,M_F_04.jpg,799,251,top,/,/,TRUE,82,3,810.4,294.3,385
35,35,M_F_04.jpg,799,251,top,/,/,TRUE,82,4,861.6,301.8,279
36,36,I_M_04.jpg,799,251,top,z,/,FALSE,4,1,773.1,399.7,170
36,36,I_M_04.jpg,799,251,top,z,/,FALSE,4,2,772.2,277.2,647
36,36,C_M_03.jpg,799,675,bottom,/,/,TRUE,23,1,796.5,597.2,139
36,36,C_M_03.jpg,799,675,bottom,/,/,TRUE,23,2,778,703,524
36,36,C_M_03.jpg,799,251,top,/,/,TRUE,30,1,812.2,356.2,189
36,36,C_M_03.jpg,799,251,top,/,/,TRUE,30,2,782.4,286.5,402
36,36,I_M_04.jpg,799,675,bottom,/,/,TRUE,35,1,795.3,651,464
36,36,I_M_04.jpg,799,675,bottom,/,/,TRUE,35,2,778.7,702,230
36,36,M_F_04.jpg,799,675,bottom,/,/,TRUE,36,1,848.1,449.8,115
36,36,M_F_04.jpg,799,675,bottom,/,/,TRUE,36,2,792.3,741.9,282
36,36,M_F_04.jpg,799,675,bottom,/,/,TRUE,36,3,781.8,699.7,128
36,36,M_F_04.jpg,799,251,top,/,/,TRUE,47,1,810,410.3,147
36,36,M_F_04.jpg,799,251,top,/,/,TRUE,47,2,774.3,291.4,351
36,36,B_M_03.jpg,799,675,bottom,z,z,TRUE,58,1,799.4,673.4,582
36,36,B_M_03.jpg,799,251,top,z,z,TRUE,94,1,805.7,404,98
36,36,B_M_03.jpg,799,251,top,z,z,TRUE,94,2,796.6,268.3,491
37,37,M_F_04.jpg,799,675,bottom,/,/,TRUE,4,1,818.5,673.8,105
37,37,M_F_04.jpg,799,675,bottom,/,/,TRUE,4,2,821.8,668.3,234
37,37,M_F_04.jpg,799,675,bottom,/,/,TRUE,4,3,846.4,690.8,191
37,37,C_M_03.jpg,799,675,bottom,/,/,TRUE,20,1,825,552.6,75
37,37,C_M_03.jpg,799,675,bottom,/,/,TRUE,20,2,852.6,636.9,109
37,37,C_M_03.jpg,799,675,bottom,/,/,TRUE,20,3,844.7,665,412
37,37,B_M_03.jpg,799,251,top,z,z,TRUE,22,1,793.1,438.6,158
37,37,B_M_03.jpg,799,251,top,z,z,TRUE,22,2,794,310.4,127
37,37,B_M_03.jpg,799,251,top,z,z,TRUE,22,3,823.3,283.2,145
37,37,B_M_03.jpg,799,251,top,z,z,TRUE,22,4,845,274.3,331
37,37,M_F_04.jpg,799,251,top,/,/,TRUE,38,1,789,419.8,153
37,37,M_F_04.jpg,799,251,top,/,/,TRUE,38,2,807.9,224.3,156
37,37,M_F_04.jpg,799,251,top,/,/,TRUE,38,3,811.3,246.2,369
37,37,C_M_03.jpg,799,251,top,/,/,TRUE,43,1,796.4,443.9,114
37,37,C_M_03.jpg,799,251,top,/,/,TRUE,43,2,825.9,309.4,131
37,37,C_M_03.jpg,799,251,top,/,/,TRUE,43,3,834.5,295.7,402
37,37,I_M_04.jpg,799,675,bottom,/,/,TRUE,50,1,793.9,453.8,169
37,37,I_M_04.jpg,799,675,bottom,/,/,TRUE,50,2,785.4,606.7,114
37,37,I_M_04.jpg,799,675,bottom,/,/,TRUE,50,3,813.8,658,131
37,37,I_M_04.jpg,799,675,bottom,/,/,TRUE,50,4,829.2,695.5,199
37,37,I_M_04.jpg,799,251,top,/,/,TRUE,79,1,778.3,409.1,163
37,37,I_M_04.jpg,799,251,top,/,/,TRUE,79,2,812.5,290.2,890
37,37,I_M_04.jpg,799,251,top,/,/,TRUE,79,3,861.8,297.5,145
37,37,B_M_03.jpg,799,675,bottom,z,z,TRUE,84,1,804.8,524.5,151
37,37,B_M_03.jpg,799,675,bottom,z,z,TRUE,84,2,854.1,743.6,367
38,38,C_M_03.jpg,799,251,top,/,/,TRUE,1,1,806.4,445.7,162
38,38,C_M_03.jpg,799,251,top,/,/,TRUE,1,2,805.3,295.5,416
38,38,C_M_03.jpg,799,251,top,/,/,TRUE,1,3,846.6,301.2,592
38,38,C_M_03.jpg,799,675,bottom,/,/,TRUE,16,1,776.1,565.6,138
38,38,C_M_03.jpg,799,675,bottom,/,/,TRUE,16,2,758.2,623.1,377
38,38,C_M_03.jpg,799,675,bottom,/,/,TRUE,16,3,784.3,634.2,137
38,38,B_M_03.jpg,799,251,top,z,z,TRUE,29,1,829.7,289.5,243
38,38,B_M_03.jpg,799,251,top,z,z,TRUE,29,2,791.9,199.8,346
38,38,M_F_04.jpg,799,251,top,/,/,TRUE,30,1,1481.6,65.9,119
38,38,M_F_04.jpg,799,251,top,/,/,TRUE,30,2,738.4,311.8,176
38,38,M_F_04.jpg,799,251,top,/,/,TRUE,30,3,776.2,304.5,225
38,38,M_F_04.jpg,799,251,top,/,/,TRUE,30,4,825.1,292.1,505
38,38,I_M_04.jpg,799,251,top,/,/,TRUE,50,1,809.9,450.3,128
38,38,I_M_04.jpg,799,251,top,/,/,TRUE,50,2,809.4,317.9,325
38,38,I_M_04.jpg,799,251,top,/,/,TRUE,50,3,852.2,274.3,256
38,38,B_M_03.jpg,799,675,bottom,z,z,TRUE,69,1,800.4,604.8,116
38,38,B_M_03.jpg,799,675,bottom,z,z,TRUE,69,2,822.3,669.5,437
38,38,B_M_03.jpg,799,675,bottom,z,z,TRUE,69,3,853.2,684.7,166
38,38,M_F_04.jpg,799,675,bottom,/,/,TRUE,86,1,793.5,707.8,25
38,38,M_F_04.jpg,799,675,bottom,/,/,TRUE,86,2,831.6,671.9,61
38,38,M_F_04.jpg,799,675,bottom,/,/,TRUE,86,3,776.3,735.7,147
38,38,M_F_04.jpg,799,675,bottom,/,/,TRUE,86,4,795.1,694.9,384
38,38,I_M_04.jpg,799,675,bottom,/,/,TRUE,90,1,785.5,732.3,371
38,38,I_M_04.jpg,799,675,bottom,/,/,TRUE,90,2,817.6,745.7,175
39,39,I_M_04.jpg,799,675,bottom,/,/,TRUE,4,1,833.6,482.5,159
39,39,I_M_04.jpg,799,675,bottom,/,/,TRUE,4,2,824.3,705.4,146
39,39,I_M_04.jpg,799,675,bottom,/,/,TRUE,4,3,803.9,751.4,472
39,39,C_M_03.jpg,799,251,top,/,/,TRUE,10,1,792.1,426.2,147
39,39,C_M_03.jpg,799,251,top,/,/,TRUE,10,2,780,342.8,153
39,39,C_M_03.jpg,799,251,top,/,/,TRUE,10,3,769.5,286.6,257
39,39,C_M_03.jpg,799,675,bottom,/,/,TRUE,26,1,796.1,454.5,161
39,39,C_M_03.jpg,799,675,bottom,/,/,TRUE,26,2,775.8,644.3,167
39,39,C_M_03.jpg,799,675,bottom,/,/,TRUE,26,3,757.6,697.2,202
39,39,C_M_03.jpg,799,675,bottom,/,/,TRUE,26,4,773.8,740.8,151
39,39,I_M_04.jpg,799,251,top,/,/,TRUE,58,1,795.1,442.5,169
39,39,I_M_04.jpg,799,251,top,/,/,TRUE,58,2,782.4,336.7,146
39,39,I_M_04.jpg,799,251,top,/,/,TRUE,58,3,774.3,254.1,496
39,39,M_F_04.jpg,799,251,top,/,/,TRUE,67,1,784.5,452.6,153
39,39,M_F_04.jpg,799,251,top,/,/,TRUE,67,2,765.5,279.6,232
39,39,M_F_04.jpg,799,251,top,/,/,TRUE,67,3,743.6,196.1,163
39,39,B_M_03.jpg,799,251,top,z,z,TRUE,70,1,801,453,170
39,39,B_M_03.jpg,799,251,top,z,z,TRUE,70,2,796.7,277.4,235
39,39,B_M_03.jpg,799,251,top,z,z,TRUE,70,3,766.7,171.1,244
39,39,M_F_04.jpg,799,675,bottom,/,/,TRUE,85,1,786.5,618.7,151
39,39,M_F_04.jpg,799,675,bottom,/,/,TRUE,85,2,785.9,684.2,517
39,39,B_M_03.jpg,799,675,bottom,z,z,TRUE,91,1,746.5,518.2,187
39,39,B_M_03.jpg,799,675,bottom,z,z,TRUE,91,2,735.7,550.5,201
40,40,B_M_03.jpg,799,675,bottom,z,z,TRUE,29,1,809.2,674.7,206
40,40,B_M_03.jpg,799,675,bottom,z,z,TRUE,29,2,770,730,408
40,40,C_M_03.jpg,799,251,top,/,/,TRUE,30,1,797.1,459.8,136
40,40,C_M_03.jpg,799,251,top,/,/,TRUE,30,2,776.7,300.8,221
40,40,C_M_03.jpg,799,251,top,/,/,TRUE,30,3,767.8,319.4,311
40,40,M_F_04.jpg,799,675,bottom,/,/,TRUE,43,1,835.7,587.8,193
40,40,M_F_04.jpg,799,675,bottom,/,/,TRUE,43,2,771.5,767.1,662
40,40,M_F_04.jpg,799,251,top,/,/,TRUE,46,1,807.5,434.1,190
40,40,M_F_04.jpg,799,251,top,/,/,TRUE,46,2,792.3,278.6,486
40,40,I_M_04.jpg,799,251,top,/,/,TRUE,48,1,826.2,468.1,5
40,40,I_M_04.jpg,799,251,top,/,/,TRUE,48,2,802.1,444.4,176
40,40,I_M_04.jpg,799,251,top,/,/,TRUE,48,3,808.5,319.6,361
40,40,B_M_03.jpg,799,251,top,z,z,TRUE,59,1,808.4,440.7,176
40,40,B_M_03.jpg,799,251,top,z,z,TRUE,59,2,798.3,281.9,251
40,40,B_M_03.jpg,799,251,top,z,z,TRUE,59,3,787.4,321.2,261
40,40,B_M_03.jpg,799,251,top,z,z,TRUE,59,4,782.3,186.7,420
40,40,B_M_03.jpg,799,251,top,z,z,TRUE,59,5,817.5,326.7,98
40,40,I_M_04.jpg,799,675,bottom,/,/,TRUE,75,1,798.7,617.5,206
40,40,I_M_04.jpg,799,675,bottom,/,/,TRUE,75,2,774.7,700.5,463
40,40,C_M_03.jpg,799,675,bottom,/,/,TRUE,76,1,791.4,473.7,211
40,40,C_M_03.jpg,799,675,bottom,/,/,TRUE,76,2,783.9,640.7,169
40,40,C_M_03.jpg,799,675,bottom,/,/,TRUE,76,3,784.4,750.4,326
40,40,C_M_03.jpg,799,675,bottom,/,/,TRUE,76,4,746.4,718.5,509
40,40,C_M_03.jpg,799,675,bottom,/,/,TRUE,76,5,797.6,714.5,322
41,41,I_M_04.jpg,799,675,bottom,/,/,TRUE,8,1,806.5,602,119
41,41,I_M_04.jpg,799,675,bottom,/,/,TRUE,8,2,817.3,674.2,188
41,41,I_M_04.jpg,799,675,bottom,/,/,TRUE,8,3,821,707.2,182
41,41,C_M_03.jpg,799,251,top,/,/,TRUE,19,1,800.6,435.6,157
41,41,C_M_03.jpg,799,251,top,/,/,TRUE,19,2,811,272.7,399
41,41,C_M_03.jpg,799,675,bottom,/,/,TRUE,24,1,799.3,622.1,123
41,41,C_M_03.jpg,799,675,bottom,/,/,TRUE,24,2,790.5,711.5,312
41,41,M_F_04.jpg,799,675,bottom,/,/,TRUE,35,1,806.3,633.9,161
41,41,M_F_04.jpg,799,675,bottom,/,/,TRUE,35,2,804.3,691.5,280
41,41,I_M_04.jpg,799,251,top,/,/,TRUE,44,1,784.3,385.3,121
41,41,I_M_04.jpg,799,251,top,/,/,TRUE,44,2,806.2,268,345
41,41,B_M_03.jpg,799,675,bottom,z,z,TRUE,47,1,803.7,662.1,167
41,41,B_M_03.jpg,799,675,bottom,z,z,TRUE,47,2,811.9,745.8,319
41,41,B_M_03.jpg,799,251,top,z,z,TRUE,56,1,805.8,432.1,129
41,41,B_M_03.jpg,799,251,top,z,z,TRUE,56,2,817.8,301.7,502
41,41,M_F_04.jpg,799,251,top,/,/,TRUE,71,1,805.1,432.4,132
41,41,M_F_04.jpg,799,251,top,/,/,TRUE,71,2,822.8,270.8,446
42,42,B_M_03.jpg,799,251,top,z,z,TRUE,1,1,795.4,451.4,152
42,42,B_M_03.jpg,799,251,top,z,z,TRUE,1,2,803.5,308.3,469
42,42,M_F_04.jpg,799,251,top,/,/,TRUE,12,1,794.7,457.7,155
42,42,M_F_04.jpg,799,251,top,/,/,TRUE,12,2,803.1,287.7,307
42,42,I_M_04.jpg,799,251,top,/,/,TRUE,27,1,777.4,439.3,140
42,42,I_M_04.jpg,799,251,top,/,/,TRUE,27,2,805,288.1,362
42,42,B_M_03.jpg,799,675,bottom,z,z,TRUE,67,1,800.4,603,159
42,42,B_M_03.jpg,799,675,bottom,z,z,TRUE,67,2,802.4,689.6,208
42,42,C_M_03.jpg,799,251,top,/,/,TRUE,80,1,797.6,445.9,155
42,42,C_M_03.jpg,799,251,top,/,/,TRUE,80,2,791.4,285.1,205
42,42,C_M_03.jpg,799,251,top,/,/,TRUE,80,3,806.7,285.5,102
42,42,I_M_04.jpg,799,675,bottom,/,/,TRUE,83,1,794.2,557.1,149
42,42,I_M_04.jpg,799,675,bottom,/,/,TRUE,83,2,789.6,661.5,305
42,42,M_F_04.jpg,799,675,bottom,/,/,TRUE,85,1,798,449.8,134
42,42,M_F_04.jpg,799,675,bottom,/,/,TRUE,85,2,794,625.3,297
42,42,M_F_04.jpg,799,675,bottom,/,/,TRUE,85,3,794.3,664.1,49
42,42,C_M_03.jpg,799,675,bottom,/,/,TRUE,89,1,784.2,497.9,134
42,42,C_M_03.jpg,799,675,bottom,/,/,TRUE,89,2,783.1,619,155
42,42,C_M_03.jpg,799,675,bottom,/,/,TRUE,89,3,787.9,680.5,372
43,43,C_M_03.jpg,799,675,bottom,/,/,TRUE,5,1,809.6,480.3,175
43,43,C_M_03.jpg,799,675,bottom,/,/,TRUE,5,2,803.6,663.3,150
43,43,C_M_03.jpg,799,675,bottom,/,/,TRUE,5,3,835.2,740.6,622
43,43,C_M_03.jpg,799,675,bottom,/,/,TRUE,5,4,791.8,758.9,202
43,43,C_M_03.jpg,799,675,bottom,/,/,TRUE,5,5,807.2,767.2,395
43,43,C_M_03.jpg,799,251,top,/,/,TRUE,14,1,809.8,429.2,134
43,43,C_M_03.jpg,799,251,top,/,/,TRUE,14,2,833,266.6,772
43,43,I_M_04.jpg,799,251,top,/,/,TRUE,28,1,787.2,444.4,140
43,43,I_M_04.jpg,799,251,top,/,/,TRUE,28,2,800.4,277.1,176
43,43,I_M_04.jpg,799,251,top,/,/,TRUE,28,3,822,275.4,339
43,43,B_M_03.jpg,799,675,bottom,z,z,TRUE,39,1,793.9,480.4,123
43,43,B_M_03.jpg,799,675,bottom,z,z,TRUE,39,2,784.9,606,117
43,43,B_M_03.jpg,799,675,bottom,z,z,TRUE,39,3,829.3,671.3,155
43,43,B_M_03.jpg,799,675,bottom,z,z,TRUE,39,4,847.3,703.4,402
43,43,M_F_04.jpg,799,251,top,/,/,TRUE,40,1,798.2,536.1,162
43,43,M_F_04.jpg,799,251,top,/,/,TRUE,40,2,802.4,268,137
43,43,M_F_04.jpg,799,251,top,/,/,TRUE,40,3,814.1,314.9,204
43,43,M_F_04.jpg,799,251,top,/,/,TRUE,40,4,817.6,304.1,245
43,43,B_M_03.jpg,799,251,top,z,z,TRUE,65,1,801.2,443.8,143
43,43,B_M_03.jpg,799,251,top,z,z,TRUE,65,2,800.5,261.9,176
43,43,B_M_03.jpg,799,251,top,z,z,TRUE,65,3,810.3,278.7,165
43,43,B_M_03.jpg,799,251,top,z,z,TRUE,65,4,823.2,279.7,275
43,43,B_M_03.jpg,799,251,top,z,z,TRUE,65,5,773.9,284.1,206
43,43,B_M_03.jpg,799,251,top,z,z,TRUE,65,6,741.6,302.6,404
43,43,I_M_04.jpg,799,675,bottom,/,/,TRUE,72,1,799.1,465.8,175
43,43,I_M_04.jpg,799,675,bottom,/,/,TRUE,72,2,816.6,684.1,184
43,43,I_M_04.jpg,799,675,bottom,/,/,TRUE,72,3,825.8,724.3,193
43,43,I_M_04.jpg,799,675,bottom,/,/,TRUE,72,4,841.2,713.6,471
43,43,M_F_04.jpg,799,675,bottom,/,/,TRUE,73,1,801.1,625.8,158
43,43,M_F_04.jpg,799,675,bottom,/,/,TRUE,73,2,816.3,686,404
44,44,M_F_04.jpg,799,675,bottom,/,/,TRUE,6,1,799.6,591.7,136
44,44,M_F_04.jpg,799,675,bottom,/,/,TRUE,6,2,807.3,676.9,160
44,44,M_F_04.jpg,799,675,bottom,/,/,TRUE,6,3,814.4,729.4,340
44,44,B_M_03.jpg,799,675,bottom,z,z,TRUE,7,1,799.9,613.7,135
44,44,B_M_03.jpg,799,675,bottom,z,z,TRUE,7,2,814.8,724.5,180
44,44,B_M_03.jpg,799,675,bottom,z,z,TRUE,7,3,853.7,770.2,200
44,44,I_M_04.jpg,799,675,bottom,/,/,TRUE,41,1,785.9,587.3,120
44,44,I_M_04.jpg,799,675,bottom,/,/,TRUE,41,2,793.1,731.2,216
44,44,I_M_04.jpg,799,675,bottom,/,/,TRUE,41,3,810.7,768,238
44,44,C_M_03.jpg,799,251,top,/,/,TRUE,55,1,816.9,419.4,138
44,44,C_M_03.jpg,799,251,top,/,/,TRUE,55,2,792.1,274.8,514
44,44,C_M_03.jpg,799,675,bottom,/,/,TRUE,61,1,772.2,601.5,130
44,44,C_M_03.jpg,799,675,bottom,/,/,TRUE,61,2,778.3,699.6,207
44,44,C_M_03.jpg,799,675,bottom,/,/,TRUE,61,3,789,732.5,214
44,44,I_M_04.jpg,799,251,top,/,/,TRUE,63,1,784.5,409,165
44,44,I_M_04.jpg,799,251,top,/,/,TRUE,63,2,758,294.3,542
44,44,B_M_03.jpg,799,251,top,z,z,TRUE,67,1,775.1,312,369
44,44,B_M_03.jpg,799,251,top,z,z,TRUE,67,2,818.2,305.5,62
44,44,M_F_04.jpg,799,251,top,/,/,TRUE,80,1,795.7,439.3,148
44,44,M_F_04.jpg,799,251,top,/,/,TRUE,80,2,784.9,276.2,339
44,44,M_F_04.jpg,799,251,top,/,/,TRUE,80,3,812.4,287.3,117
45,45,B_M_03.jpg,799,675,bottom,z,z,TRUE,23,1,803,628,163
45,45,B_M_03.jpg,799,675,bottom,z,z,TRUE,23,2,794.2,695.2,374
45,45,M_F_04.jpg,799,675,bottom,/,/,TRUE,31,1,811.2,583,114
45,45,M_F_04.jpg,799,675,bottom,/,/,TRUE,31,2,822.7,675.8,581
45,45,B_M_03.jpg,799,251,top,z,z,TRUE,43,1,811.2,308.4,315
45,45,B_M_03.jpg,799,251,top,z,z,TRUE,43,2,830,314.8,253
45,45,I_M_04.jpg,799,251,top,/,/,TRUE,49,1,803.6,416.8,113
45,45,I_M_04.jpg,799,251,top,/,/,TRUE,49,2,813.7,291.8,362
45,45,I_M_04.jpg,799,251,top,/,/,TRUE,49,3,823.1,287.4,320
45,45,C_M_03.jpg,799,251,top,/,/,TRUE,51,1,788.2,420.2,103
45,45,C_M_03.jpg,799,251,top,/,/,TRUE,51,2,790.8,307.9,565
45,45,C_M_03.jpg,799,675,bottom,/,/,TRUE,63,1,814.4,623.9,143
45,45,C_M_03.jpg,799,675,bottom,/,/,TRUE,63,2,809.2,695.4,421
45,45,I_M_04.jpg,799,675,bottom,/,/,TRUE,68,1,829.3,587.7,132
45,45,I_M_04.jpg,799,675,bottom,/,/,TRUE,68,2,807.8,659.5,471
45,45,I_M_04.jpg,799,675,bottom,/,/,TRUE,68,3,820.9,522.4,17
45,45,M_F_04.jpg,799,251,top,/,/,TRUE,81,1,811,428.2,96
45,45,M_F_04.jpg,799,251,top,/,/,TRUE,81,2,813.3,305.8,531
46,46,C_M_03.jpg,799,675,bottom,/,/,TRUE,8,1,812.3,638.8,145
46,46,C_M_03.jpg,799,675,bottom,/,/,TRUE,8,2,833.2,740.9,380
46,46,C_M_03.jpg,799,675,bottom,/,/,TRUE,8,3,858,719.1,1010
46,46,I_M_04.jpg,799,675,bottom,/,/,TRUE,14,1,824.7,640.7,233
46,46,I_M_04.jpg,799,675,bottom,/,/,TRUE,14,2,798.1,688.3,256
46,46,I_M_04.jpg,799,675,bottom,/,/,TRUE,14,3,855,667.7,125
46,46,M_F_04.jpg,799,251,top,/,/,TRUE,16,1,813.1,461,124
46,46,M_F_04.jpg,799,251,top,/,/,TRUE,16,2,801.6,307.9,165
46,46,M_F_04.jpg,799,251,top,/,/,TRUE,16,3,790.7,268.5,283
46,46,C_M_03.jpg,799,251,top,/,/,TRUE,27,1,803.9,448.8,129
46,46,C_M_03.jpg,799,251,top,/,/,TRUE,27,2,783.4,308.6,172
46,46,C_M_03.jpg,799,251,top,/,/,TRUE,27,3,767.9,287.7,311
46,46,B_M_03.jpg,799,251,top,z,z,TRUE,40,1,789.8,463.6,116
46,46,B_M_03.jpg,799,251,top,z,z,TRUE,40,2,774.4,311.6,173
46,46,B_M_03.jpg,799,251,top,z,z,TRUE,40,3,747.4,312.4,194
46,46,B_M_03.jpg,799,251,top,z,z,TRUE,40,4,816.6,318.3,303
46,46,B_M_03.jpg,799,251,top,z,z,TRUE,40,5,824.9,301.9,453
46,46,M_F_04.jpg,799,675,bottom,/,/,TRUE,61,1,811.1,708,269
46,46,M_F_04.jpg,799,675,bottom,/,/,TRUE,61,2,793.1,743.3,259
46,46,B_M_03.jpg,799,675,bottom,z,z,TRUE,94,1,802.7,432.9,110
46,46,B_M_03.jpg,799,675,bottom,z,z,TRUE,94,2,789.4,645.9,145
46,46,B_M_03.jpg,799,675,bottom,z,z,TRUE,94,3,800.7,692.4,187
46,46,B_M_03.jpg,799,675,bottom,z,z,TRUE,94,4,788.3,711.1,182
46,46,I_M_04.jpg,799,251,top,/,/,TRUE,96,1,797.9,420.8,155
46,46,I_M_04.jpg,799,251,top,/,/,TRUE,96,2,774.8,268.2,222
46,46,I_M_04.jpg,799,251,top,/,/,TRUE,96,3,761.5,266.1,172
46,46,I_M_04.jpg,799,251,top,/,/,TRUE,96,4,823.8,278.2,479
47,47,B_M_03.jpg,799,675,bottom,z,z,TRUE,15,1,804.2,475.3,173
47,47,B_M_03.jpg,799,675,bottom,z,z,TRUE,15,2,812.3,632.2,174
47,47,B_M_03.jpg,799,675,bottom,z,z,TRUE,15,3,815.8,710.9,248
47,47,M_F_04.jpg,799,251,top,/,/,TRUE,26,1,798.7,448.9,167
47,47,M_F_04.jpg,799,251,top,/,/,TRUE,26,2,783.5,257.1,429
47,47,M_F_04.jpg,799,251,top,/,/,TRUE,26,3,832.2,258.3,187
47,47,C_M_03.jpg,799,251,top,/,/,TRUE,36,1,795.8,450.9,149
47,47,C_M_03.jpg,799,251,top,/,/,TRUE,36,2,769.7,278.3,456
47,47,C_M_03.jpg,799,675,bottom,/,/,TRUE,57,1,774.1,563.7,70
47,47,C_M_03.jpg,799,675,bottom,/,/,TRUE,57,2,780.1,632.9,172
47,47,C_M_03.jpg,799,675,bottom,/,/,TRUE,57,3,792.1,670.3,372
47,47,M_F_04.jpg,799,675,bottom,/,/,TRUE,66,1,800.8,458.4,185
47,47,M_F_04.jpg,799,675,bottom,/,/,TRUE,66,2,813.5,663.9,170
47,47,M_F_04.jpg,799,675,bottom,/,/,TRUE,66,3,810.4,712.1,563
47,47,I_M_04.jpg,799,251,top,/,/,TRUE,80,1,804,510.6,136
47,47,I_M_04.jpg,799,251,top,/,/,TRUE,80,2,790.2,230,543
47,47,B_M_03.jpg,799,251,top,z,z,TRUE,84,1,796.3,473.7,203
47,47,B_M_03.jpg,799,251,top,z,z,TRUE,84,2,753.7,229.2,277
47,47,B_M_03.jpg,799,251,top,z,z,TRUE,84,3,763.5,203.7,151
47,47,I_M_04.jpg,799,675,bottom,/,/,TRUE,88,1,814.1,480.7,166
47,47,I_M_04.jpg,799,675,bottom,/,/,TRUE,88,2,817.3,645.1,437
47,47,I_M_04.jpg,799,675,bottom,/,/,TRUE,88,3,787.6,666.9,78
48,48,M_F_04.jpg,799,675,bottom,/,/,TRUE,35,1,787.6,688.5,280
48,48,M_F_04.jpg,799,675,bottom,/,/,TRUE,35,2,826.8,711.4,223
48,48,M_F_04.jpg,799,675,bottom,/,/,TRUE,35,3,786.7,778.1,135
48,48,M_F_04.jpg,799,251,top,/,/,TRUE,58,1,786.9,427.3,110
48,48,M_F_04.jpg,799,251,top,/,/,TRUE,58,2,788.3,290.3,247
48,48,M_F_04.jpg,799,251,top,/,/,TRUE,58,3,810.2,274.5,271
48,48,B_M_03.jpg,799,251,top,z,z,TRUE,60,1,785.9,439.9,116
48,48,B_M_03.jpg,799,251,top,z,z,TRUE,60,2,789.5,282.2,410
48,48,B_M_03.jpg,799,675,bottom,z,z,TRUE,69,1,822.2,702.2,472
48,48,C_M_03.jpg,799,675,bottom,z,/,FALSE,72,1,800.6,611.8,122
48,48,C_M_03.jpg,799,675,bottom,z,/,FALSE,72,2,782.5,705.2,527
48,48,C_M_03.jpg,799,675,bottom,z,/,FALSE,72,3,758.7,793.6,239
48,48,I_M_04.jpg,799,675,bottom,/,/,TRUE,76,1,803.3,595.5,125
48,48,I_M_04.jpg,799,675,bottom,/,/,TRUE,76,2,805.7,682.4,556
48,48,I_M_04.jpg,799,251,top,/,/,TRUE,82,1,815.6,446.6,110
48,48,I_M_04.jpg,799,251,top,/,/,TRUE,82,2,823.9,322.1,186
48,48,I_M_04.jpg,799,251,top,/,/,TRUE,82,3,851.1,306.9,398
48,48,C_M_03.jpg,799,251,top,/,/,TRUE,87,1,775.6,438,120
48,48,C_M_03.jpg,799,251,top,/,/,TRUE,87,2,770.3,302.5,365
48,48,C_M_03.jpg,799,251,top,/,/,TRUE,87,3,764.2,339.8,78
49,49,M_F_04.jpg,799,675,bottom,/,/,TRUE,23,1,836.6,720.1,559
49,49,I_M_04.jpg,799,251,top,/,/,TRUE,27,1,798.6,440.6,155
49,49,I_M_04.jpg,799,251,top,/,/,TRUE,27,2,785.2,294.2,280
49,49,I_M_04.jpg,799,251,top,/,/,TRUE,27,3,783.3,272.2,190
49,49,B_M_03.jpg,799,251,top,z,z,TRUE,34,1,797.7,414.5,173
49,49,B_M_03.jpg,799,251,top,z,z,TRUE,34,2,784.3,211,376
49,49,C_M_03.jpg,799,675,bottom,z,/,FALSE,47,1,820.8,668.5,314
49,49,C_M_03.jpg,799,675,bottom,z,/,FALSE,47,2,799.5,732.2,141
49,49,I_M_04.jpg,799,675,bottom,/,/,TRUE,54,1,807.2,634.2,192
49,49,I_M_04.jpg,799,675,bottom,/,/,TRUE,54,2,819.7,773.2,351
49,49,C_M_03.jpg,799,251,top,/,/,TRUE,77,1,773.1,453.6,143
49,49,C_M_03.jpg,799,251,top,/,/,TRUE,77,2,764.8,309.6,219
49,49,C_M_03.jpg,799,251,top,/,/,TRUE,77,3,760.7,294.8,222
49,49,M_F_04.jpg,799,251,top,/,/,TRUE,88,1,796.4,428,182
49,49,M_F_04.jpg,799,251,top,/,/,TRUE,88,2,778.3,249.7,376
49,49,B_M_03.jpg,799,675,bottom,z,z,TRUE,91,1,805.5,450.7,3
49,49,B_M_03.jpg,799,675,bottom,z,z,TRUE,91,2,795.8,440.8,176
49,49,B_M_03.jpg,799,675,bottom,z,z,TRUE,91,3,790.5,688.1,209
49,49,B_M_03.jpg,799,675,bottom,z,z,TRUE,91,4,829.4,781,369
50,50,C_M_03.jpg,799,675,bottom,.,/,FALSE,15,1,780.4,525.5,123
50,50,C_M_03.jpg,799,675,bottom,.,/,FALSE,15,2,779,646.8,240
50,50,C_M_03.jpg,799,675,bottom,.,/,FALSE,15,3,770,687.2,423
50,50,C_M_03.jpg,799,675,bottom,.,/,FALSE,15,4,821.1,704.4,350
50,50,M_F_04.jpg,799,251,top,.,/,FALSE,31,1,796.8,442.6,132
50,50,M_F_04.jpg,799,251,top,.,/,FALSE,31,2,788.7,284.1,178
50,50,M_F_04.jpg,799,251,top,.,/,FALSE,31,3,778.7,271.8,379
50,50,M_F_04.jpg,799,251,top,.,/,FALSE,31,4,821.7,273.4,271
50,50,M_F_04.jpg,799,251,top,.,/,FALSE,31,5,773,281,407
50,50,M_F_04.jpg,799,251,top,.,/,FALSE,31,6,809.7,271.6,146
50,50,M_F_04.jpg,799,675,bottom,.,/,FALSE,41,1,788.2,576.4,115
50,50,M_F_04.jpg,799,675,bottom,.,/,FALSE,41,2,770.6,689.2,178
50,50,M_F_04.jpg,799,675,bottom,.,/,FALSE,41,3,771.5,726.9,447
50,50,I_M_04.jpg,799,251,top,.,/,FALSE,64,1,795.2,398,162
50,50,I_M_04.jpg,799,251,top,.,/,FALSE,64,2,810.8,331.8,615
50,50,B_M_03.jpg,799,675,bottom,x,z,FALSE,77,1,795.3,506.8,104
50,50,B_M_03.jpg,799,675,bottom,x,z,FALSE,77,2,804.2,643.3,144
50,50,B_M_03.jpg,799,675,bottom,x,z,FALSE,77,3,795.6,726.3,289
50,50,C_M_03.jpg,799,251,top,.,/,FALSE,78,1,798.4,408.2,167
50,50,C_M_03.jpg,799,251,top,.,/,FALSE,78,2,796.6,277.1,230
50,50,C_M_03.jpg,799,251,top,.,/,FALSE,78,3,777.9,275.7,243
50,50,C_M_03.jpg,799,251,top,.,/,FALSE,78,4,824.4,275.8,120
50,50,I_M_04.jpg,799,675,bottom,.,/,FALSE,84,1,782.4,647.4,235
50,50,I_M_04.jpg,799,675,bottom,.,/,FALSE,84,2,759.1,673.1,292
50,50,I_M_04.jpg,799,675,bottom,.,/,FALSE,84,3,821,714.1,113
50,50,B_M_03.jpg,799,251,top,z,z,TRUE,92,1,804,406.6,125
50,50,B_M_03.jpg,799,251,top,z,z,TRUE,92,2,796,256.4,390
50,50,B_M_03.jpg,799,251,top,z,z,TRUE,92,3,758.5,272.7,209
